,Player,Team,Season,TSPERCENT,EFGPERCENT,TOTALS%,ORBPERCENT,DRBPERCENT,TRBPERCENT,ASTPERCENT,TOVPERCENT,STLPERCENT,BLKPERCENT,USGPERCENT,PPR,PPS,ORTG,DRTG,EDIFF,FIC,PER,cluster
6091,Juslin Bodo,HP,2024,0.621,.677,107.5,22.0,27.8,24.9,1.4,15.6,1.0,7.9,13.7,-3.8,1.6,128.6,98.3,30.3,400.9,22.6,cluster_8
6092,Jared McCain,DUKE,2024,0.611,.577,176.1,3.3,16.3,10.0,11.0,10.1,2.0,0.2,21.2,-0.2,1.4,123.4,99.7,23.7,372.1,20.2,cluster_8
6093,Owen Freeman,IOWA,2024,0.629,.614,127.5,12.8,21.7,17.4,9.4,11.9,2.3,7.9,20.5,-1.4,1.5,125.0,102.0,23.0,382.1,26.0,cluster_8
6094,P.J. Haggerty,TULSA,2024,0.596,.520,154.9,3.9,15.3,9.8,26.5,12.7,3.2,0.1,30.3,-0.1,1.6,119.1,100.5,18.6,446.4,27.3,cluster_8
6095,Xzayvier Brown,STJOE,2024,0.598,.566,165.9,1.7,14.1,8.0,20.9,15.3,3.3,0.2,20.8,1.0,1.4,116.3,100.6,15.7,350.4,19.1,cluster_8
6096,Reed Sheppard,UK,2024,0.699,.679,188.8,1.6,14.6,8.4,24.1,18.3,4.5,2.5,18.1,3.2,1.6,128.8,100.5,28.3,449.9,24.1,cluster_8
6097,Sim Bhullar,NMSU,2013,0.588,.621,108.6,12.8,18.8,15.9,7.1,12.8,0.3,10.3,20.8,-3.2,1.6,116.5,91.7,24.8,355.9,23.7,cluster_8
6098,Ike Diogu,ASU,2003,0.66,.622,171.8,11.7,17.7,14.8,5.2,16.5,0.4,3.0,25.9,-7.0,1.8,122.0,100.4,21.6,398.4,24.1,cluster_8
6099,Doug McDermott,CREI,2011,0.607,.581,167.6,9.5,20.2,15.2,9.8,15.4,0.6,0.4,27.4,-5.4,1.4,112.5,103.1,9.4,382.5,21.4,cluster_8
6100,Isaiah Austin,BAYL,2013,0.516,.497,142.6,9.7,21.1,15.6,7.7,12.8,0.7,5.4,24.3,-3.6,1.2,104.7,96.1,8.6,367.1,19.1,cluster_8
6101,Lauri Markkanen,ARZ,2017,0.635,.584,175.1,10.0,17.5,14.0,5.6,8.1,0.8,1.8,22.5,-1.7,1.5,134.1,99.1,35.0,443.5,23.5,cluster_8
6102,Chris Taft,PITT,2004,0.561,.559,110.3,15.4,19.6,17.6,11.0,11.2,0.9,7.1,23.0,-1.7,1.4,119.0,87.1,31.9,405.1,25.7,cluster_8
6103,Taj Gibson,USC,2007,0.578,.558,118.0,10.4,19.8,15.4,9.5,21.5,0.9,5.9,21.7,-5.7,1.4,104.3,93.8,10.4,403.4,18.0,cluster_8
6104,Torin Francis,ND,2003,0.558,.502,218.5,11.7,20.7,16.5,6.5,16.3,0.9,5.2,20.0,-4.2,1.5,110.5,95.7,14.7,369.1,18.4,cluster_8
6105,Brandon McCoy,UNLV,2018,0.59,.548,160.3,12.7,25.1,19.4,3.5,15.5,0.9,5.7,27.5,-7.6,1.5,112.4,98.9,13.5,443.1,23.9,cluster_8
6106,Isaiah Stewart II,UWASH,2020,0.629,.577,159.4,10.6,19.4,15.4,6.3,14.1,0.9,6.9,24.5,-5.1,1.6,119.7,92.7,27.1,445.4,27.2,cluster_8
6107,DaRon Holmes II,DAY,2022,0.644,.651,137.8,6.5,17.5,12.3,9.1,11.4,0.9,8.7,19.9,-1.4,1.6,124.3,92.5,31.8,425.8,25.0,cluster_8
6108,Kosta Koufos,OSU,2008,0.551,.533,153.7,11.7,15.8,13.9,4.5,10.2,1.0,7.7,28.4,-4.4,1.2,111.5,94.7,16.8,382.0,24.1,cluster_8
6109,Nick Ward,MCHST,2017,0.605,.592,120.7,17.5,20.3,19.0,5.3,12.6,1.0,8.0,34.1,-7.2,1.6,114.7,95.5,19.1,348.0,29.7,cluster_8
6110,Brandon Knight,UK,2011,0.553,.508,159.5,2.1,10.4,6.4,23.4,16.8,1.1,0.6,27.0,-1.0,1.3,109.5,100.0,9.5,359.6,18.0,cluster_8
6111,Cameron Oliver,UNR,2016,0.555,.532,149.8,9.8,21.8,16.0,6.0,14.7,1.1,9.0,22.9,-5.1,1.3,107.3,92.9,14.5,462.0,20.9,cluster_8
6112,Nick Fazekas,UNR,2004,0.601,.567,165.7,8.8,21.6,15.3,3.6,8.2,1.1,4.6,20.5,-2.3,1.4,126.8,92.8,34.0,381.6,23.1,cluster_8
6113,Jordan Mickey,LSU,2014,0.566,.534,122.9,7.5,18.0,12.8,6.3,16.9,1.1,9.1,19.9,-4.6,1.4,107.3,97.9,9.4,410.9,18.5,cluster_8
6114,Jarrett Allen,TEXAS,2017,0.571,.566,113.0,11.0,18.9,15.0,5.5,17.8,1.1,5.0,22.6,-6.4,1.4,104.8,99.0,5.8,360.6,19.0,cluster_8
6115,Terry Taylor,APSU,2018,0.62,.594,170.3,13.7,18.7,16.0,4.8,12.5,1.1,3.8,22.0,-4.1,1.5,124.5,101.6,22.9,434.1,22.9,cluster_8
6116,Ivan Rabb,Cal,2016,0.636,.616,178.3,11.3,21.3,16.5,6.6,13.4,1.1,4.1,20.0,-3.3,1.6,124.8,94.3,30.5,399.3,22.8,cluster_8
6117,Andrew Bogut,U of U,2004,0.598,.584,158.1,7.5,14.6,11.2,17.4,20.2,1.2,4.8,24.2,-5.6,1.4,111.3,103.9,7.4,426.1,31.7,cluster_8
6118,Ryan Anderson,Cal,2007,0.588,.549,165.6,9.1,21.9,15.5,3.3,9.3,1.2,1.8,25.0,-3.4,1.4,117.9,101.8,16.1,377.9,22.5,cluster_8
6119,Malcolm Thomas,PEPP,2008,0.535,.514,108.8,10.7,22.0,16.1,10.6,19.4,1.2,6.8,21.8,-5.3,1.4,101.5,102.0,-0.5,356.4,18.4,cluster_8
6120,Osun Osunniyi,STBN,2019,0.59,.571,123.7,13.0,19.9,16.5,5.9,12.2,1.2,13.0,14.2,-1.5,1.4,122.9,89.7,33.1,368.1,20.5,cluster_8
6121,Augustine Rubit,USA,2011,0.592,.559,123.5,16.6,24.8,20.7,6.6,17.7,1.2,3.9,21.7,-6.0,1.5,114.2,101.1,13.1,358.9,23.1,cluster_8
6122,Kofi Cockburn,ILL,2020,0.571,.532,120.9,14.2,21.6,18.0,5.0,14.0,1.2,5.3,24.7,-5.5,1.5,114.7,92.3,22.4,350.8,26.1,cluster_8
6123,Derrick Griffin,TEXSO,2016,0.636,.662,118.7,16.7,20.1,18.5,3.5,9.3,1.2,6.5,17.0,-2.1,1.7,132.8,95.8,37.0,432.6,24.5,cluster_8
6124,Bam Adebayo,UK,2017,0.624,.599,125.1,11.2,17.2,14.2,4.7,13.9,1.2,4.9,18.5,-3.5,1.7,123.8,95.0,28.8,451.5,20.5,cluster_8
6125,Luke Babbitt,UNR,2009,0.563,.495,174.9,6.6,18.9,12.8,9.8,11.3,1.3,2.3,26.0,-3.1,1.3,116.0,97.9,18.2,391.8,23.2,cluster_8
6126,Miles Bridges,MCHST,2017,0.58,.563,156.0,5.8,23.2,15.2,14.4,13.9,1.3,4.9,27.4,-3.1,1.3,109.2,96.9,12.3,377.8,22.3,cluster_8
6127,Omari Spellman,VILL,2018,0.588,.573,161.0,9.9,23.0,16.8,4.3,9.8,1.3,5.5,18.3,-1.8,1.3,123.0,95.8,27.3,448.0,19.6,cluster_8
6128,Nick Muszynski,BLMNT,2019,0.638,.616,176.4,5.9,18.6,12.7,20.2,11.9,1.3,8.6,25.3,0.9,1.4,124.5,94.7,29.8,435.0,27.6,cluster_8
6129,Graham Ike,UWYOM,2022,0.557,.513,149.8,10.9,24.1,17.9,10.7,15.7,1.3,1.0,35.2,-7.9,1.4,105.8,93.9,12.0,377.8,25.9,cluster_8
6130,Noah Clowney,UA,2023,0.576,.553,141.8,9.1,22.6,16.3,6.1,13.1,1.3,3.4,18.1,-2.7,1.4,117.0,88.8,28.3,347.1,19.2,cluster_8
6131,Cameron Krutwig,L-IL,2018,0.628,.598,133.3,11.4,20.8,16.6,15.3,15.0,1.3,3.4,23.1,-1.4,1.5,120.9,92.9,28.0,384.1,23.2,cluster_8
6132,Fousseyni Traore,BYU,2022,0.62,.589,145.6,13.5,25.7,19.8,7.6,15.9,1.3,5.7,19.4,-3.6,1.5,120.1,92.1,27.9,364.8,24.8,cluster_8
6133,Zeke Nnaji,ARZ,2020,0.63,.578,162.4,11.5,20.4,16.0,5.8,14.6,1.3,3.3,24.1,-5.3,1.6,120.5,91.3,29.2,406.3,26.1,cluster_8
6134,Tobias Harris,TENN,2011,0.54,.489,151.6,7.6,20.9,14.2,10.4,11.4,1.4,3.4,27.3,-3.3,1.3,112.4,98.1,14.3,357.8,22.1,cluster_8
6135,Henry Ellenson,MARQ,2016,0.534,.480,148.3,7.8,24.1,16.5,11.0,12.9,1.4,4.4,26.7,-3.4,1.3,106.3,97.4,8.9,437.6,20.1,cluster_8
6136,Jose Perez,GWU,2019,0.557,.517,153.4,4.1,16.2,10.7,18.8,12.6,1.4,0.9,26.1,0.1,1.4,112.1,101.6,10.4,367.9,19.6,cluster_8
6137,Johni Broome,MRHD,2021,0.582,.570,118.8,14.7,26.0,20.7,6.6,13.9,1.4,8.4,27.6,-5.9,1.4,112.3,88.0,24.3,376.0,29.6,cluster_8
6138,Brandon Costner,NCST,2007,0.592,.549,157.5,5.8,18.5,12.7,11.0,18.0,1.4,2.1,26.6,-5.6,1.5,107.5,103.7,3.8,384.9,19.5,cluster_8
6139,Daniel Gafford,ARK,2018,0.594,.605,113.3,11.2,20.0,15.7,6.0,9.6,1.4,11.5,23.9,-2.6,1.5,120.3,99.8,20.5,355.4,25.1,cluster_8
6140,Neemias Queta,USU,2019,0.613,.618,157.9,10.8,25.5,18.6,11.9,19.4,1.4,10.4,21.9,-4.5,1.5,111.3,87.9,23.4,442.0,22.6,cluster_8
6141,Trayce Jackson-Davis,IU,2020,0.6,.566,125.0,11.8,21.2,16.5,8.5,10.4,1.4,7.3,21.4,-1.9,1.5,124.3,93.1,31.2,429.8,27.7,cluster_8
6142,Karl-Anthony Towns,UK,2015,0.627,.570,163.0,14.2,22.4,18.6,11.6,14.2,1.4,11.5,23.7,-2.9,1.6,126.8,77.2,49.7,417.0,29.0,cluster_8
6143,A.J. Ogilvy,VANDY,2008,0.641,.588,135.6,9.3,19.8,14.7,10.1,15.9,1.4,5.5,29.3,-6.1,1.7,118.2,98.2,20.0,399.9,26.3,cluster_8
6144,Mike Daum,SDKSU,2016,0.656,.600,182.3,11.7,21.6,16.7,9.5,12.4,1.4,1.7,31.9,-5.4,1.7,129.0,96.7,32.4,355.3,32.5,cluster_8
6145,Tyler Davis,TAMU,2016,0.656,.655,128.0,14.3,15.6,15.0,6.6,15.8,1.4,5.9,21.9,-5.0,1.8,122.8,94.6,28.3,346.3,23.9,cluster_8
6146,Shawn Long,LA,2013,0.498,.467,143.5,10.9,25.7,18.2,7.3,14.3,1.5,6.4,28.7,-5.9,1.1,99.0,95.4,3.7,392.4,21.2,cluster_8
6147,Ryan Daly,DEL,2017,0.517,.494,144.6,7.0,18.6,12.7,15.4,7.3,1.5,0.9,26.1,0.5,1.1,110.6,109.2,1.5,362.5,20.4,cluster_8
6148,Durrell Nevels,UCA,2007,0.544,.511,119.5,11.1,22.2,16.8,5.1,13.3,1.5,13.8,22.4,-4.9,1.3,110.2,89.8,20.4,356.9,24.5,cluster_8
6149,Venky Jois,EWASH,2013,0.538,.490,120.2,7.2,21.5,14.5,13.3,17.7,1.5,6.5,21.2,-3.3,1.3,104.0,101.6,2.4,351.1,19.6,cluster_8
6150,Mohamed Bamba,TEXAS,2018,0.593,.567,149.6,12.2,28.3,20.2,3.6,12.3,1.5,13.2,21.3,-4.1,1.4,118.4,88.3,30.1,465.9,26.5,cluster_8
6151,Craig Smith,BOS,2003,0.626,.606,147.9,12.5,17.8,15.2,9.3,13.1,1.5,2.8,27.4,-4.5,1.5,121.7,104.9,16.8,422.4,26.0,cluster_8
6152,Gregory Echenique,RUTG,2009,0.556,.508,118.0,12.2,20.6,16.5,4.5,15.0,1.5,8.0,16.1,-3.3,1.5,113.1,94.6,18.4,350.5,19.8,cluster_8
6153,Anthony Bennett,UNLV,2013,0.609,.580,160.9,10.3,21.8,16.3,8.8,12.3,1.5,4.6,27.5,-4.3,1.5,117.6,88.5,29.1,444.6,26.7,cluster_8
6154,Jalen Sanders,NOCOL,2018,0.636,.605,159.1,5.6,16.6,11.1,7.1,14.2,1.5,4.3,14.6,-1.4,1.5,123.3,95.7,27.5,356.6,16.9,cluster_8
6155,Obi Toppin,DAY,2019,0.692,.684,190.2,7.7,17.1,12.9,15.6,15.5,1.5,3.7,25.0,-2.7,1.6,123.3,97.0,26.3,379.9,26.1,cluster_8
6156,J.J. Hickson,NCST,2008,0.621,.591,126.8,11.6,22.1,17.3,9.2,18.4,1.5,4.8,26.8,-7.1,1.7,111.8,99.3,12.5,381.4,24.7,cluster_8
6157,Zach Collins,ZAGS,2017,0.703,.676,187.2,12.0,23.3,18.4,4.5,17.8,1.5,9.9,24.9,-7.3,1.9,125.2,79.0,46.2,357.8,29.0,cluster_8
6158,LaDontae Henton,PROV,2012,0.542,.514,155.3,8.3,16.9,12.7,6.6,11.5,1.6,2.9,20.3,-2.7,1.2,112.4,102.9,9.5,375.1,18.7,cluster_8
6159,Kris Humphries,MINN,2004,0.518,.461,152.6,10.0,23.7,16.6,4.8,11.9,1.6,3.6,34.6,-7.0,1.3,105.6,101.8,3.8,376.6,24.3,cluster_8
6160,Jamal Murray,UK,2016,0.59,.559,164.4,4.9,11.1,8.2,12.1,12.1,1.6,0.9,27.2,-2.5,1.3,120.5,101.2,19.2,415.8,21.6,cluster_8
6161,Robert Williams,TAMU,2017,0.569,.560,125.7,13.5,21.1,17.5,12.0,14.3,1.6,10.6,23.6,-3.2,1.3,113.5,94.9,18.6,395.3,25.4,cluster_8
6162,Loudon Love,WRST,2018,0.539,.533,107.4,12.5,28.1,20.2,9.1,16.7,1.6,4.1,25.8,-6.0,1.3,102.3,88.5,13.8,384.3,20.1,cluster_8
6163,Taylor Hendricks,UCF,2023,0.589,.557,165.3,8.5,16.8,12.6,8.6,9.9,1.6,6.1,21.4,-1.5,1.3,122.1,95.6,26.4,436.8,23.0,cluster_8
6164,Malik Monk,UK,2017,0.586,.543,166.9,1.1,7.2,4.2,13.3,10.6,1.6,1.5,27.2,-1.4,1.4,118.3,99.9,18.4,372.3,20.3,cluster_8
6165,Ja Morant,MRRY,2018,0.569,.505,157.1,6.3,15.5,11.2,33.1,18.2,1.6,1.3,20.4,5.2,1.4,122.7,98.0,24.7,438.1,20.1,cluster_8
6166,Alexis Yetna,USOFL,2019,0.598,.585,153.3,11.9,24.6,18.1,7.6,13.7,1.6,2.4,19.0,-3.2,1.4,119.0,92.8,26.2,433.0,20.4,cluster_8
6167,Moses Moody,ARK,2021,0.568,.503,159.7,6.3,11.8,9.1,8.2,9.9,1.6,2.0,22.3,-1.6,1.4,119.8,97.2,22.5,349.8,21.2,cluster_8
6168,Jameel Warney,SB,2013,0.612,.618,117.5,10.5,19.1,15.0,8.1,10.2,1.6,6.6,22.0,-2.1,1.5,122.8,85.5,37.4,386.5,25.9,cluster_8
6169,Randolph Morris,UK,2007,0.621,.592,127.5,9.0,22.7,16.4,9.1,14.4,1.6,8.0,28.1,-5.2,1.6,117.1,92.5,24.6,446.0,27.8,cluster_8
6170,"Jaren Jackson, Jr.",MCHST,2018,0.647,.595,170.6,8.8,19.7,14.9,9.3,17.4,1.6,14.2,23.5,-4.8,1.6,120.7,85.8,34.9,370.4,25.1,cluster_8
6171,"Vernon Carey, Jr.",DUKE,2020,0.615,.588,162.7,12.0,26.2,19.2,8.2,12.3,1.6,5.8,31.0,-5.3,1.6,121.2,87.2,34.0,431.8,34.6,cluster_8
6172,McKinley Wright IV,COLO,2018,0.533,.489,152.6,5.9,10.1,8.1,36.0,18.1,1.7,1.5,25.0,2.2,1.2,109.3,105.6,3.7,358.5,18.8,cluster_8
6173,Devin Ebanks,WVU,2009,0.528,.479,129.5,9.7,20.0,14.7,17.4,16.2,1.7,2.6,19.5,-0.5,1.3,112.6,91.7,20.9,380.3,19.2,cluster_8
6174,Pascal Siakam,NMSU,2015,0.614,.572,133.2,13.5,17.8,15.7,10.0,15.3,1.7,5.9,21.2,-3.4,1.5,122.7,91.3,31.4,417.4,24.2,cluster_8
6175,Chris Bosh,GT,2003,0.633,.596,175.8,11.6,22.3,16.9,7.9,15.8,1.7,6.8,22.4,-4.6,1.6,120.7,93.5,27.2,453.0,24.7,cluster_8
6176,Tony Mitchell,UNT,2012,0.645,.611,174.5,10.1,27.4,19.4,11.6,19.8,1.7,10.4,24.3,-6.0,1.6,115.2,80.1,35.1,358.9,29.1,cluster_8
6177,Andre Drummond,UConn,2012,0.509,.538,83.3,13.9,15.6,14.8,3.4,13.5,1.8,9.9,20.8,-4.6,1.2,103.4,95.8,7.6,354.8,21.1,cluster_8
6178,Aaron Gordon,ARZ,2014,0.503,.516,127.3,10.3,19.3,15.0,13.0,10.5,1.8,3.4,23.2,-0.4,1.2,108.9,87.7,21.2,416.8,19.6,cluster_8
6179,TaShawn Thomas,U of H,2012,0.576,.577,112.0,13.7,19.2,16.6,7.9,14.4,1.8,7.3,19.3,-3.0,1.3,115.4,99.0,16.4,366.1,23.4,cluster_8
6180,MaCio Teague,UNCA,2017,0.613,.565,180.9,1.9,14.3,8.1,15.3,6.9,1.8,0.8,20.4,2.6,1.4,127.2,99.0,28.1,392.3,20.4,cluster_8
6181,Tristan Thompson,TEXAS,2011,0.536,.546,103.3,14.0,13.7,13.8,8.1,12.7,1.8,7.2,22.4,-3.0,1.5,112.3,88.2,24.1,433.9,22.0,cluster_8
6182,Ben McLemore,KU,2013,0.633,.586,178.4,5.0,12.4,9.1,12.6,14.2,1.8,2.3,23.3,-2.3,1.5,121.4,92.3,29.1,416.5,21.9,cluster_8
6183,Glenn Robinson,MICH,2013,0.626,.611,157.2,7.8,11.4,9.7,5.8,8.6,1.8,0.8,15.3,-0.3,1.5,131.8,99.6,32.1,386.6,18.6,cluster_8
6184,Mike Watkins,PENST,2017,0.605,.590,123.3,11.3,26.1,18.6,5.6,14.0,1.8,11.7,19.2,-3.7,1.5,115.8,90.8,25.0,390.8,23.8,cluster_8
6185,Jalen Duren,MEMP,2022,0.608,.597,122.2,14.1,21.3,18.0,10.4,18.6,1.8,9.9,22.9,-5.3,1.5,112.8,90.7,22.1,347.0,25.6,cluster_8
6186,Oscar Tshiebwe,WVU,2020,0.597,.552,126.0,19.0,25.6,22.2,3.4,15.4,1.8,5.3,22.7,-6.4,1.6,119.2,84.8,34.5,344.5,28.5,cluster_8
6187,Trent Wiedeman,C of C,2011,0.674,.633,183.9,10.1,19.0,14.7,7.2,15.8,1.8,3.8,14.4,-1.6,1.7,132.5,98.2,34.3,360.8,20.1,cluster_8
6188,Jeremy Lamb,UConn,2011,0.568,.548,165.1,5.0,12.2,8.7,12.3,11.5,1.9,2.2,20.3,-0.7,1.2,117.8,99.0,18.8,346.1,19.0,cluster_8
6189,Oshae Brissett,SYRA,2018,0.491,.414,147.2,6.9,19.5,13.3,5.5,10.9,1.9,2.7,23.7,-3.6,1.2,106.4,96.3,10.1,387.9,16.6,cluster_8
6190,Steffon Mitchell,BOS,2018,0.494,.480,121.3,10.0,18.1,14.0,10.5,14.4,1.9,3.5,11.3,1.0,1.2,114.8,102.1,12.7,362.8,13.8,cluster_8
6191,Chase Budinger,ARZ,2007,0.592,.554,169.8,6.7,13.2,10.1,12.0,10.7,1.9,1.3,22.0,-0.7,1.3,123.2,104.9,18.4,357.1,21.0,cluster_8
6192,Jahii Carson,ASU,2013,0.552,.507,152.8,1.5,9.3,5.6,29.8,17.5,1.9,0.2,28.3,-0.5,1.3,106.3,102.2,4.1,354.9,19.0,cluster_8
6193,Brandon Ingram,DUKE,2016,0.552,.525,153.5,6.1,15.4,10.8,11.3,11.3,1.9,3.6,25.5,-2.0,1.3,114.9,103.4,11.5,448.0,21.4,cluster_8
6194,Jeff Green,GTOWN,2005,0.58,.543,160.0,10.3,14.1,12.3,19.8,18.0,1.9,5.4,23.0,-1.8,1.4,115.1,99.4,15.7,376.3,19.9,cluster_8
6195,Michael Kessens,LONG,2013,0.577,.543,145.9,9.2,21.8,15.5,9.2,19.7,1.9,3.6,22.0,-5.5,1.4,103.8,107.5,-3.6,372.9,18.5,cluster_8
6196,Elias Harris,ZAGS,2010,0.609,.582,167.4,8.8,18.3,14.0,7.9,13.3,1.9,1.7,24.3,-3.8,1.5,119.4,95.6,23.8,368.1,23.3,cluster_8
6197,Derrick Favors,GT,2010,0.621,.611,124.0,12.4,20.5,16.6,7.9,20.0,1.9,8.1,21.8,-6.4,1.5,111.6,88.1,23.5,434.9,23.3,cluster_8
6198,Michael Kidd-Gilchrist,UK,2012,0.57,.511,149.0,10.1,16.3,13.4,10.8,17.3,1.9,2.8,20.6,-3.0,1.5,115.3,90.7,24.6,423.5,20.7,cluster_8
6199,Justin Patton,CREI,2017,0.671,.689,172.6,8.0,19.2,13.9,8.5,15.1,1.9,5.9,22.0,-3.5,1.5,119.8,95.5,24.3,389.6,23.6,cluster_8
6200,Jalen McDaniels,SDSU,2018,0.642,.595,158.4,10.4,23.9,17.3,6.7,11.8,1.9,2.7,18.3,-2.0,1.6,129.4,93.0,36.4,346.4,22.2,cluster_8
6201,Anthony Randolph,LSU,2008,0.511,.467,126.3,9.5,18.7,14.2,8.5,16.3,2.0,6.7,28.0,-6.5,1.2,99.7,96.0,3.8,352.5,20.8,cluster_8
6202,Donte Greene,SYRA,2008,0.531,.505,147.0,5.4,15.8,10.8,10.6,13.5,2.0,4.8,24.9,-3.2,1.2,108.3,100.7,7.6,414.1,18.6,cluster_8
6203,Dedric Lawson,MEMP,2016,0.49,.440,146.8,10.0,19.6,14.8,16.9,16.4,2.0,5.1,27.7,-4.3,1.2,99.0,92.0,6.9,406.3,18.8,cluster_8
6204,Tyler Herro,UK,2019,0.58,.536,175.2,1.6,13.9,8.2,15.2,11.8,2.0,1.1,21.4,0.1,1.3,120.0,97.0,23.0,370.6,18.7,cluster_8
6205,Precious Achiuwa,MEMP,2020,0.534,.511,141.7,11.4,24.7,18.7,7.5,16.0,2.0,6.4,27.8,-6.8,1.3,101.2,81.6,19.6,414.4,23.9,cluster_8
6206,Jeremiah Robinson-Earl,VILL,2020,0.552,.496,159.6,9.2,23.3,16.4,11.2,18.7,2.0,1.7,18.8,-2.8,1.3,108.2,93.9,14.2,349.1,18.6,cluster_8
6207,Glen Davis,LSU,2005,0.571,.519,146.1,13.9,20.7,17.4,7.4,12.3,2.0,5.0,23.5,-3.2,1.5,119.4,100.2,19.2,363.0,22.6,cluster_8
6208,Bryant Dunston,FORD,2005,0.566,.529,156.8,10.6,20.3,15.4,11.7,15.0,2.0,7.0,24.1,-3.9,1.5,111.7,93.5,18.2,384.0,21.8,cluster_8
6209,Brandan Wright,UNC,2007,0.637,.646,121.3,8.9,15.7,12.5,6.7,12.1,2.0,6.3,22.0,-3.1,1.5,123.1,91.6,31.5,463.9,24.8,cluster_8
6210,Joshua LeBlanc,GTOWN,2019,0.661,.644,203.9,11.6,20.8,16.3,7.7,13.7,2.0,4.8,15.6,-1.7,1.7,129.1,99.5,29.6,355.1,21.1,cluster_8
6211,Bobby Portis,ARK,2014,0.562,.524,152.0,10.2,16.8,13.5,11.0,9.9,2.1,5.9,21.4,-0.8,1.3,119.2,94.6,24.6,398.8,22.0,cluster_8
6212,"Jabari Smith, Jr.",AUB,2022,0.57,.521,164.8,3.5,23.4,13.5,13.9,11.1,2.1,3.8,27.5,-1.7,1.3,116.5,89.8,26.7,433.3,25.9,cluster_8
6213,Trevor Booker,CLEM,2007,0.609,.602,121.8,13.2,15.2,14.2,7.6,18.8,2.1,8.7,19.8,-4.8,1.4,113.3,94.4,18.9,373.6,21.9,cluster_8
6214,Andrew Wiggins,KU,2014,0.563,.499,156.4,8.4,12.2,10.5,9.2,13.1,2.1,3.1,26.3,-3.7,1.4,116.0,101.6,14.4,370.1,20.2,cluster_8
6215,Jarace Walker,U of H,2023,0.534,.516,147.4,10.1,18.9,14.6,12.5,12.3,2.2,6.2,22.5,-1.0,1.2,114.4,85.2,29.2,379.3,22.5,cluster_8
6216,Blake Griffin,OKLA,2008,0.58,.568,115.7,13.7,24.2,19.0,16.6,15.4,2.2,3.4,27.8,-3.9,1.5,113.6,92.8,20.9,424.9,26.9,cluster_8
6217,Shawn James,NEU,2005,0.667,.649,167.9,11.2,19.5,15.6,5.5,13.5,2.2,18.4,17.3,-2.7,1.6,128.3,85.2,43.1,379.6,26.6,cluster_8
6218,Tyler Hansbrough,UNC,2006,0.626,.573,180.9,13.2,16.8,15.1,8.7,14.1,2.2,2.3,26.9,-5.1,1.7,123.4,93.3,30.1,439.1,26.6,cluster_8
6219,Tarkus Ferguson,UIC,2017,0.523,.478,152.2,1.6,15.2,8.8,28.9,23.3,2.3,1.7,20.3,0.1,1.2,100.2,100.9,-0.7,355.8,14.0,cluster_8
6220,Jonny Flynn,SYRA,2008,0.567,.526,158.2,2.0,6.0,4.1,26.8,16.4,2.3,0.5,21.5,2.1,1.3,116.1,106.7,9.4,382.3,17.9,cluster_8
6221,Kyle Hines,UNCG,2005,0.612,.621,115.8,11.1,17.3,14.4,4.9,21.1,2.3,10.7,19.7,-6.9,1.4,106.5,92.4,14.1,407.0,20.3,cluster_8
6222,C.J. McCollum,LEHI,2010,0.593,.541,169.0,5.1,12.4,8.8,17.1,11.0,2.3,0.7,28.4,-1.2,1.4,119.3,100.8,18.5,402.9,24.3,cluster_8
6223,Tyler Lydon,SYRA,2016,0.606,.572,165.8,6.6,16.4,11.6,7.6,13.2,2.3,7.0,16.5,-1.9,1.4,120.8,95.8,25.0,385.1,19.0,cluster_8
6224,Averyl Ugba,GRAMB,2017,0.592,.555,123.2,15.9,22.1,18.7,5.4,14.7,2.3,3.0,21.1,-4.8,1.5,118.4,100.3,18.1,379.9,23.5,cluster_8
6225,Zhaire Smith,TXTCH,2018,0.618,.588,172.2,9.5,11.1,10.4,12.5,10.8,2.3,4.8,18.2,0.3,1.5,128.9,94.2,34.6,396.6,21.5,cluster_8
6226,Onyeka Okongwu,USC,2020,0.645,.618,158.6,12.5,18.5,15.6,8.4,13.7,2.3,9.6,23.6,-4.2,1.6,123.1,89.0,34.2,438.4,31.2,cluster_8
6227,Melo Trimble,UMD,2015,0.628,.534,171.8,0.7,11.8,6.8,21.2,16.0,2.3,0.2,25.0,-1.3,1.7,120.7,97.8,22.9,360.8,21.6,cluster_8
6228,"Eric Williams, Jr.",DUQ,2018,0.524,.481,149.7,7.0,24.0,15.1,9.9,13.3,2.4,1.0,23.8,-3.2,1.2,108.2,99.3,8.8,354.1,18.3,cluster_8
6229,Markelle Fultz,UWASH,2017,0.558,.535,153.8,3.9,13.6,8.7,34.3,13.4,2.4,3.1,31.0,2.0,1.3,117.0,108.0,9.0,407.8,26.1,cluster_8
6230,Jared Dudley,BOS,2004,0.557,.496,150.7,10.8,12.1,11.5,17.1,15.6,2.4,0.7,19.7,-0.3,1.4,116.5,98.1,18.4,370.3,18.5,cluster_8
6231,Luc Mbah a Moute,UCLA,2006,0.586,.548,139.3,13.3,21.3,17.4,9.3,17.7,2.4,2.0,17.2,-2.8,1.4,116.9,88.6,28.3,396.0,19.0,cluster_8
6232,Derrick Rose,MEMP,2008,0.56,.517,152.6,5.0,11.6,8.3,30.4,16.7,2.4,1.3,26.1,1.6,1.4,115.2,90.7,24.5,453.4,22.6,cluster_8
6233,Keith Braxton,STFPA,2017,0.609,.573,173.6,7.1,20.8,14.2,17.4,18.9,2.4,1.2,19.4,-1.2,1.4,116.2,99.8,16.4,454.9,19.9,cluster_8
6234,Josh Okogie,GT,2017,0.549,.486,158.4,5.6,13.6,9.8,12.1,12.4,2.4,2.5,27.6,-3.2,1.4,107.7,95.8,11.9,361.1,19.7,cluster_8
6235,Braeden Smith,COLGT,2023,0.594,.542,166.8,1.3,13.8,7.8,22.6,17.0,2.4,0.2,19.7,3.0,1.4,116.3,102.4,13.9,359.1,18.7,cluster_8
6236,D.J. Augustin,TEXAS,2007,0.588,.515,172.8,1.8,6.6,4.2,34.3,21.2,2.4,0.2,21.0,3.1,1.5,117.8,104.9,13.0,391.6,18.7,cluster_8
6237,Jonathan Isaac,FLAST,2017,0.614,.568,163.6,7.6,25.6,16.8,7.7,13.3,2.4,6.2,20.3,-2.7,1.5,122.4,95.1,27.2,389.0,23.4,cluster_8
6238,Tanner Holden,WRST,2020,0.642,.642,164.4,8.5,15.0,11.9,10.0,14.3,2.4,1.2,17.6,-1.6,1.7,125.1,94.3,30.8,351.0,22.8,cluster_8
6239,Raymond Felton,UNC,2003,0.519,.489,144.9,2.8,11.0,6.9,36.6,23.1,2.5,0.7,22.2,2.1,1.2,102.1,100.6,1.6,361.5,15.0,cluster_8
6240,Seth Curry,LBRTY,2009,0.543,.504,159.6,2.4,11.2,7.1,14.1,10.8,2.5,0.9,29.5,-2.2,1.2,110.7,100.4,10.3,367.4,21.8,cluster_8
6241,Luol Deng,DUKE,2004,0.55,.520,154.6,8.4,15.2,11.9,11.8,14.1,2.5,3.1,24.8,-3.2,1.3,112.7,92.1,20.6,409.5,20.8,cluster_8
6242,O.J. Mayo,USC,2008,0.562,.524,165.4,3.8,10.4,7.4,21.4,16.1,2.5,1.1,31.8,-3.7,1.3,108.1,96.6,11.6,362.3,21.7,cluster_8
6243,Gary Clark,CINCY,2015,0.543,.524,114.9,13.3,19.0,16.3,13.9,13.5,2.5,5.5,16.9,0.0,1.3,117.6,87.8,29.8,360.5,21.4,cluster_8
6244,Kevon Looney,UCLA,2015,0.532,.505,151.1,12.3,21.0,16.6,9.1,10.3,2.5,3.3,19.7,-1.0,1.3,116.3,96.1,20.2,430.9,20.7,cluster_8
6245,Gradey Dick,KU,2023,0.581,.547,169.8,4.2,14.3,9.4,9.3,9.4,2.5,0.8,20.5,-0.4,1.3,116.7,97.1,19.6,364.9,18.8,cluster_8
6246,C.J. Anderson,MAN,2005,0.54,.524,109.5,10.5,17.1,13.8,17.5,12.8,2.5,3.7,24.9,-0.9,1.4,112.8,98.0,14.7,384.3,21.9,cluster_8
6247,Jonathan Rodriguez,CAM,2007,0.544,.494,146.6,8.6,20.5,14.8,19.5,14.3,2.5,3.6,25.8,-1.7,1.4,111.1,98.9,12.1,440.9,22.7,cluster_8
6248,Bradley Beal,FLA,2012,0.575,.525,155.3,4.7,18.3,11.6,12.7,14.3,2.5,2.6,22.9,-2.0,1.4,115.4,95.5,19.9,433.6,21.6,cluster_8
6249,Maurice Harkless,STJ,2012,0.504,.472,134.3,8.4,18.2,13.3,9.6,14.0,2.6,4.2,24.9,-4.3,1.2,102.1,100.3,1.9,379.6,20.2,cluster_8
6250,R.J. Cole,HWRD,2018,0.536,.483,152.3,2.3,9.2,5.7,36.5,14.8,2.6,0.0,33.3,0.5,1.3,109.2,110.6,-1.4,420.8,21.4,cluster_8
6251,Rashad McCants,UNC,2003,0.593,.575,160.4,7.6,11.9,9.7,11.3,13.9,2.6,1.8,27.1,-4.3,1.4,111.8,99.4,12.4,351.5,21.3,cluster_8
6252,Will Richard,BLMNT,2022,0.588,.548,159.8,7.3,18.3,13.1,11.6,11.9,2.6,3.4,21.7,-0.6,1.4,117.1,95.2,21.9,355.4,22.2,cluster_8
6253,Curtis Stinson,IWAST,2004,0.519,.498,142.6,6.6,12.1,9.3,24.4,19.8,2.7,0.5,26.3,-2.6,1.2,100.9,101.6,-0.7,352.8,17.7,cluster_8
6254,Q.J. Peterson,VMI,2014,0.516,.468,147.4,5.3,11.4,8.3,10.9,10.6,2.7,0.9,27.8,-2.1,1.2,110.2,106.6,3.6,367.3,19.3,cluster_8
6255,De'Aaron Fox,UK,2017,0.549,.498,146.1,2.1,12.2,7.2,28.1,13.7,2.7,0.7,27.4,2.0,1.3,113.7,96.0,17.7,391.8,21.5,cluster_8
6256,Kyle Filipowski,DUKE,2023,0.533,.481,148.8,10.6,25.5,18.3,11.5,15.0,2.7,2.7,29.7,-5.3,1.3,107.4,90.6,16.8,413.8,24.1,cluster_8
6257,Tim Williams,SAMF,2013,0.574,.544,122.5,6.8,19.8,13.3,5.8,10.8,2.7,3.7,22.9,-3.0,1.4,112.3,100.7,11.5,365.8,22.0,cluster_8
6258,Tyus Jones,DUKE,2015,0.575,.489,168.5,1.8,9.9,6.1,27.5,15.9,2.7,0.2,18.7,5.1,1.4,124.9,98.2,26.7,444.8,19.3,cluster_8
6259,Tyrese Haliburton,IWAST,2019,0.666,.662,164.1,2.7,8.8,5.9,17.3,13.5,2.7,2.8,9.1,4.8,1.4,138.4,100.6,37.7,358.0,15.3,cluster_8
6260,Caleb Green,ORU,2004,0.629,.593,151.0,12.9,26.9,20.1,13.6,20.1,2.7,1.3,26.8,-6.5,1.6,113.9,98.0,15.8,390.3,25.0,cluster_8
6261,Dejounte Murray,UWASH,2016,0.485,.451,136.6,4.1,13.7,8.8,25.6,16.3,2.8,0.8,25.8,-0.7,1.1,99.8,100.8,-1.0,353.5,16.2,cluster_8
6262,Shawne Williams,MEMP,2006,0.534,.480,151.4,6.5,16.7,11.6,12.9,15.4,2.8,5.1,24.1,-3.5,1.3,110.5,87.3,23.2,352.9,19.9,cluster_8
6263,Justise Winslow,DUKE,2015,0.572,.551,154.5,5.4,19.8,13.1,13.2,14.2,2.8,2.9,22.9,-1.4,1.4,115.2,91.9,23.2,410.8,21.2,cluster_8
6264,Shai Gilgeous-Alexander,UK,2018,0.578,.516,170.6,3.2,10.0,6.8,28.8,17.9,2.8,1.7,21.9,2.1,1.4,116.7,100.8,15.8,443.6,20.1,cluster_8
6265,Thurman Zimmerman,SCSU,2003,0.606,.552,162.6,8.7,17.7,13.4,13.1,18.5,2.8,0.6,24.2,-5.3,1.5,115.2,94.7,20.5,351.5,21.9,cluster_8
6266,Robbie Hummel,PURD,2008,0.629,.569,179.5,10.5,15.8,13.0,19.4,13.3,2.8,2.8,18.9,1.1,1.5,131.0,91.4,39.6,375.9,23.1,cluster_8
6267,Micah Handlogten,MARSH,2023,0.649,.666,128.9,14.9,27.5,21.3,7.2,18.3,2.8,9.1,13.4,-2.0,1.6,125.5,86.8,38.7,420.3,24.1,cluster_8
6268,Grayson Murphy,BLMNT,2019,0.545,.541,140.8,2.8,12.7,8.1,33.5,21.9,2.9,0.4,18.3,5.8,1.2,111.3,98.6,12.7,366.3,16.5,cluster_8
6269,Nick Calathes,FLA,2008,0.546,.496,151.6,4.2,14.3,9.3,33.4,17.1,2.9,0.3,26.1,3.7,1.3,115.0,98.4,16.6,459.6,22.3,cluster_8
6270,Ray McCallum,UDM,2011,0.537,.480,144.4,5.1,10.9,8.2,29.0,17.0,2.9,0.5,22.2,2.0,1.4,113.4,102.1,11.3,359.5,19.1,cluster_8
6271,Dwayne Sutton,UNCA,2016,0.547,.509,141.6,8.5,19.5,14.0,8.0,13.5,2.9,2.5,20.3,-2.7,1.5,111.9,92.4,19.5,360.1,18.9,cluster_8
6272,Tre Jones,DUKE,2019,0.485,.456,143.4,2.8,8.3,5.7,23.8,13.2,3.0,0.5,15.1,5.8,1.1,114.6,95.6,19.0,369.8,14.5,cluster_8
6273,Kawhi Leonard,SDSU,2010,0.515,.477,138.6,14.3,24.1,19.4,12.7,15.5,3.0,2.7,24.4,-3.4,1.2,110.1,89.5,20.6,413.6,22.9,cluster_8
6274,Cameron Payne,MRRY,2014,0.526,.481,152.0,1.1,11.1,6.3,34.3,16.8,3.0,1.7,29.5,1.2,1.2,108.5,103.2,5.3,360.1,19.7,cluster_8
6275,Patrick Beverley,ARK,2007,0.582,.531,162.5,4.0,10.9,7.6,18.2,14.4,3.0,1.2,20.4,0.3,1.4,118.2,97.8,20.5,373.3,18.9,cluster_8
6276,Gordon Hayward,BTLR,2009,0.656,.611,174.1,5.6,18.4,12.2,14.0,14.2,3.0,3.5,19.5,-1.1,1.6,128.3,87.9,40.3,400.5,23.7,cluster_8
6277,William Mosley,NSU,2009,0.591,.672,103.0,12.5,23.6,17.9,4.8,12.3,3.0,11.2,10.6,-1.2,1.6,119.5,93.5,26.0,365.1,20.9,cluster_8
6278,Langston Galloway,STJOE,2011,0.548,.496,167.8,4.7,14.3,9.5,19.0,9.4,3.1,1.7,20.4,2.2,1.2,117.2,105.4,11.7,368.4,19.9,cluster_8
6279,Josh Jackson,KU,2017,0.559,.552,145.7,8.7,17.4,13.3,18.0,15.9,3.1,3.5,27.2,-2.5,1.3,111.1,95.1,16.0,450.1,22.9,cluster_8
6280,Paul George,FRSNO,2009,0.586,.559,161.4,6.4,14.7,10.6,12.2,16.0,3.1,3.0,22.0,-3.2,1.4,110.5,99.1,11.4,378.5,19.8,cluster_8
6281,Brian Voelkel,UVM,2011,0.498,.420,131.5,10.8,24.5,17.9,27.1,22.1,3.1,0.9,15.4,3.3,1.4,111.1,87.0,24.1,416.8,19.6,cluster_8
6282,Dennis Smith,NCST,2017,0.563,.520,152.9,2.7,11.5,7.3,34.2,17.3,3.1,1.2,27.2,2.0,1.4,112.3,108.0,4.3,437.5,21.9,cluster_8
6283,R.J. Hunter,GAST,2013,0.57,.530,158.0,3.6,15.4,9.4,13.1,10.1,3.2,3.2,26.8,-1.4,1.3,115.6,100.7,14.9,361.5,24.2,cluster_8
6284,Stanley Johnson,ARZ,2015,0.551,.501,155.8,8.9,19.1,14.2,11.6,14.7,3.2,1.6,26.6,-3.6,1.3,111.1,86.6,24.5,370.8,21.4,cluster_8
6285,Haminn Quaintance,JAC,2004,0.559,.537,140.2,12.1,19.9,16.1,19.0,22.7,3.3,10.1,24.8,-6.0,1.3,102.6,94.6,8.0,400.8,23.0,cluster_8
6286,Shamorie Ponds,STJ,2017,0.571,.525,163.7,3.7,10.8,7.2,19.0,11.0,3.3,0.7,24.2,0.5,1.3,116.5,105.6,10.8,399.9,20.9,cluster_8
6287,Ty Lawson,UNC,2007,0.581,.555,154.4,3.2,9.1,6.3,34.6,19.9,3.3,0.4,19.5,5.5,1.4,119.0,94.0,25.0,373.4,19.8,cluster_8
6288,Kyle Anderson,UCLA,2013,0.485,.430,136.2,7.9,22.9,15.7,20.8,17.3,3.4,2.8,20.0,0.8,1.2,102.5,90.6,11.9,425.4,19.3,cluster_8
6289,Anthony Black,ARK,2023,0.549,.495,145.9,4.6,13.5,9.1,20.9,20.6,3.4,1.9,21.3,-1.2,1.4,104.8,95.1,9.6,371.3,17.9,cluster_8
6290,Jordan Fouse,UWGB,2013,0.503,.478,117.5,11.0,21.9,16.6,14.2,19.6,3.5,5.8,15.3,-1.1,1.2,103.6,90.1,13.5,357.3,17.7,cluster_8
6291,Tremont Waters,LSU,2018,0.556,.506,156.9,1.1,10.8,6.1,33.9,17.0,3.5,0.3,26.6,3.2,1.3,112.7,106.1,6.5,387.8,20.5,cluster_8
6292,Stephen Curry,DAV,2007,0.617,.579,172.6,3.3,13.0,8.2,18.8,13.8,3.5,0.7,30.0,-2.9,1.4,121.2,91.6,29.6,433.6,26.9,cluster_8
6293,Jalen Suggs,ZAGS,2021,0.596,.560,160.1,2.7,18.0,11.0,23.9,19.6,3.5,1.1,24.8,0.3,1.4,112.8,90.8,22.0,358.1,23.5,cluster_8
6294,Marcus Evans,RICE,2016,0.587,.527,158.0,3.1,10.9,7.0,20.0,14.6,3.6,0.6,31.8,-3.6,1.4,111.7,109.7,2.1,366.4,23.3,cluster_8
6295,Javon McCrea,BUFF,2011,0.612,.631,113.9,17.2,19.0,18.2,19.0,17.9,3.6,8.7,27.5,-4.6,1.5,114.9,87.8,27.1,391.8,30.9,cluster_8
6296,Andre Roberson,COLO,2011,0.609,.615,147.6,15.3,25.8,20.7,6.8,17.3,3.6,5.2,14.9,-2.5,1.5,122.1,93.8,28.3,372.3,21.5,cluster_8
6297,Greg Monroe,GTOWN,2009,0.61,.574,160.3,8.7,16.9,13.1,18.8,19.3,3.7,5.1,22.5,-2.6,1.6,114.5,91.6,22.9,381.8,23.5,cluster_8
6298,Tyler Ennis,SYRA,2014,0.511,.453,152.9,2.6,9.1,5.8,32.3,11.9,3.9,0.7,21.9,6.1,1.2,117.5,97.7,19.8,378.6,20.3,cluster_8
6299,DeJuan Blair,PITT,2008,0.559,.537,116.1,16.5,23.0,19.7,7.3,15.6,3.9,4.6,23.4,-5.0,1.4,112.9,88.3,24.6,439.6,25.3,cluster_8
6300,De'Anthony Melton,USC,2017,0.53,.483,142.7,6.0,13.7,9.9,22.5,18.5,4.0,3.9,17.7,2.0,1.3,110.8,99.2,11.6,352.4,18.1,cluster_8
6301,Rodney Stuckey,EWASH,2006,0.588,.544,162.2,4.1,13.8,9.0,30.7,14.8,4.0,0.8,36.4,-2.5,1.4,114.9,101.6,13.3,427.6,28.8,cluster_8
6302,Ethan Happ,UWISC,2016,0.567,.538,118.1,10.5,23.8,17.0,10.9,16.6,4.0,3.5,24.9,-5.2,1.4,109.4,89.8,19.6,384.3,23.7,cluster_8
6303,Kennedy Chandler,TENN,2022,0.539,.527,145.3,2.5,9.7,6.0,32.1,16.2,4.1,0.9,25.0,2.1,1.2,108.1,90.8,17.3,353.6,20.8,cluster_8
6304,James Harden,ASU,2008,0.632,.586,168.9,5.4,14.6,10.3,24.7,15.7,4.1,2.2,28.4,-1.5,1.6,120.0,95.2,24.8,464.3,27.3,cluster_8
6305,Tyreke Evans,MEMP,2009,0.529,.489,144.1,4.9,15.1,10.1,29.4,18.2,4.2,2.7,32.8,-3.4,1.3,103.9,82.8,21.2,412.3,24.1,cluster_8
6306,Chris Paul,WF,2004,0.649,.574,180.8,2.2,8.5,5.4,30.9,18.8,4.4,1.2,19.7,3.6,1.7,128.9,101.1,27.9,428.3,24.3,cluster_8
6307,Marcus Smart,OKST,2013,0.532,.455,147.1,5.3,14.2,9.9,26.8,18.9,5.3,2.2,27.2,-1.6,1.4,105.4,85.2,20.1,405.4,22.8,cluster_8
6308,T.J. McConnell,DUQ,2011,0.586,.572,158.4,2.6,11.2,6.9,26.6,16.0,5.4,0.6,17.1,3.6,1.3,118.3,89.4,28.9,371.3,19.8,cluster_8
6309,Blake Harper,HWRD,2025,0.584,.497,167.4,3.9,18.7,11.6,20.1,14.0,1.6,0.1,27.6,-1.1,1.5,117.3,109.4,7.8,370.1,20.6,cluster_8
6310,Asa Newell,UGA,2025,0.609,.577,158.1,14.9,14.3,14.6,6.9,7.7,2.1,4.1,23.5,-1.5,1.4,131.4,100.3,31.2,376.4,26.3,cluster_8
6311,Derik Queen,UMD,2025,0.585,.529,136.7,9.9,26.7,18.6,12.1,15.2,2.1,3.7,26.1,-3.6,1.5,115.6,90.3,25.2,421.3,24.6,cluster_8
6312,Adrian Wooley,KENN,2025,0.636,.602,168.5,4.7,13.6,9.2,22.9,18.6,2.4,0.3,25.5,-2.8,1.5,117.8,100.9,16.9,376.6,21.7,cluster_8
6313,Dylan Harper,RUTG,2025,0.594,.557,158.4,3.0,14.1,8.5,26.9,12.5,2.5,1.6,28.6,1.1,1.4,119.8,108.9,10.9,351.8,25.3,cluster_8
6314,Thomas Sorber,GTOWN,2025,0.58,.544,141.8,10.6,23.0,16.8,15.5,15.3,2.7,7.4,23.7,-2.1,1.4,114.8,90.9,23.9,350.9,25.0,cluster_8
6315,V.J. Edgecombe,BAYL,2025,0.556,.511,157.5,7.4,14.1,10.7,19.7,13.1,3.9,2.3,24.2,0.5,1.3,118.3,98.2,20.1,348.3,22.4,cluster_8
