,Player,Season,MPG,PPG,FGM,FGA,FGPercent,3PM,3PA,3PPercent,FTM,FTA,FTPercent,ORB,DRB,RPG,APG,SPG,BPG,TOV,cluster
6564,Robert Hinton,2025,30,14.6,5.4,11.3,0.477,0.6,1.7,0.356,3.2,4.2,0.763,1,3.1,4.1,1.8,1.3,0,1.4,cluster_8
6565,Jeremiah Fears,2025,29.7,16.4,5.2,11.6,0.444,1,3.6,0.275,5,5.9,0.848,0.8,3.4,4.1,4.2,1.6,0.1,3.5,cluster_8
6566,V.J. Edgecombe,2025,32.2,14.7,5,11.4,0.439,1.6,4.6,0.359,3.1,4,0.768,1.9,3.5,5.4,3.3,2.1,0.6,2,cluster_8
6567,Kasparas Jakucionis,2025,31.8,15.2,4.7,10.3,0.455,1.7,5.1,0.331,4.1,4.9,0.832,1.2,4.3,5.6,4.8,0.9,0.3,3.4,cluster_8
6568,Will Sydnor,2025,29.6,14.3,5.4,11.8,0.456,1.7,4.8,0.353,1.8,2.9,0.624,1.5,5.2,6.8,1.6,0.7,1.1,1.8,cluster_8
6569,Gabriel Pozzato,2025,34.8,14.9,5.3,11.8,0.447,1.8,5.8,0.317,2.6,3.7,0.705,0.8,3.6,4.4,1.3,1.3,0.4,2,cluster_8
6570,Liam McNeeley,2025,31.9,14.7,4.3,11,0.395,1.8,5.3,0.347,4.1,4.8,0.864,1,5.1,6.2,2.5,0.5,0.3,2,cluster_8
6571,Jeremiah Wilkinson,2025,26.9,15.4,5,12.2,0.41,1.9,5.7,0.326,3.5,4.5,0.786,0.5,1.5,2,1.5,0.8,0.1,1.6,cluster_8
6572,Boogie Fland,2025,34,15.1,5.1,13.1,0.391,1.9,5.3,0.365,2.9,3.4,0.839,0.5,2.9,3.4,5.7,1.5,0.1,1.6,cluster_8
6573,Joe Sayler,2025,30,12.7,4.4,11.2,0.393,1.9,5.6,0.335,2.1,2.4,0.861,0.2,2.4,2.6,1.9,0.6,0,1.9,cluster_8
6574,All Wright,2025,29.4,15.5,5.4,13.1,0.408,2,5.1,0.383,2.8,3.5,0.805,0.5,1.7,2.2,2.4,0.9,0.2,1.4,cluster_8
6575,Kon Knueppel,2025,29.8,13.7,4.5,9.7,0.47,2.2,5.6,0.399,2.4,2.6,0.914,1.1,2.8,3.8,2.5,0.9,0.2,1.3,cluster_8
6576,Max Green,2025,34.3,14.9,5.2,12.3,0.419,2.3,5.9,0.38,2.3,3.3,0.699,1,4.6,5.6,3.5,0.9,0.3,2.7,cluster_8
6577,Martin Somerville,2025,31.6,13.6,4.2,9.9,0.42,2.3,5.8,0.405,3,3.6,0.826,0.4,2.5,2.9,3.7,1.5,0.1,1.5,cluster_8
6578,Austin Rapp,2025,32.9,13.8,4.4,11,0.397,2.7,7.6,0.352,2.4,3,0.815,0.6,5.9,6.5,2.5,0.6,1.5,2.6,cluster_8
6579,Bryce Lindsay,2025,29.4,13.6,4.7,10.1,0.464,2.9,6.9,0.415,1.3,1.5,0.87,0.3,2.3,2.6,2.2,0.6,0.1,1.1,cluster_8
6580,"Dedan Thomas, Jr.",2024,34.8,13.6,4.8,10.7,0.449,1,2.8,0.362,3.1,4.1,0.743,0.2,2.6,2.7,5.1,0.9,0,2.2,cluster_8
6581,Deywilk Tavarez,2024,30.8,13.7,4.5,11.2,0.396,1.6,4.5,0.362,3.1,4.1,0.769,0.3,3,3.4,3.6,2,0,3.8,cluster_8
6582,Budd Clark,2024,31.2,13.4,5.2,11.1,0.469,0.2,1.3,0.14,2.8,3.7,0.748,0.8,1.7,2.5,3.9,2.5,0.1,2.5,cluster_8
6583,Barrington Hargress,2024,31.6,12.6,4.8,11.6,0.411,0.9,3,0.311,2.1,3.1,0.673,0.4,2.7,3.1,4.5,1.3,0.1,1.4,cluster_8
6584,Eric Acker,2024,33.4,12.7,4.9,12.6,0.387,1.1,3.8,0.283,1.8,2.7,0.662,0.9,2.8,3.7,3.8,0.6,0.1,3.3,cluster_8
6585,Jacob Meyer,2024,34.1,15.7,5.8,13,0.449,1.5,3.8,0.402,2.5,3.7,0.67,1,4.1,5.1,2.6,1,0.1,2.6,cluster_8
6586,Tyler Perkins,2024,29.8,13.7,4.6,11.8,0.391,1.8,5.2,0.347,2.7,3.5,0.765,1.5,3.8,5.3,1.9,1.4,0.1,1.8,cluster_8
6587,Xzayvier Brown,2024,30.7,12.7,4.3,9.3,0.46,2,4.9,0.404,2.1,2.7,0.796,0.4,3.6,4,3.3,1.8,0.1,1.9,cluster_8
6588,Tariq Francis,2024,27.4,14.8,5.1,13.2,0.389,2.1,6.1,0.352,2.3,3,0.788,1.1,2.9,4.1,2.6,1.5,0.1,2,cluster_8
6589,Jared McCain,2024,31.6,14.3,4.9,10.5,0.462,2.4,5.8,0.414,2.1,2.4,0.885,0.8,4.2,5,1.9,1.1,0.1,1.3,cluster_8
6590,Josh Hubbard,2024,27.6,17.1,5.3,13.7,0.385,3.1,8.7,0.355,3.5,4.1,0.853,0.3,1.9,2.2,1.7,0.7,0.1,1.2,cluster_8
6591,"Roddy Gayle, Jr.",2024,30.9,13.5,4.7,10.4,0.449,0.8,2.9,0.282,3.3,4,0.832,1,3.6,4.6,3.1,0.8,0.2,2.4,cluster_8
6592,Isaiah Collier,2024,29.9,16.3,5.7,11.6,0.49,1,3,0.338,3.9,5.8,0.673,0.6,2.3,2.9,4.3,1.5,0.2,3.3,cluster_8
6593,Myles Rice,2024,33.2,14.8,5.4,12.4,0.439,1,3.7,0.275,2.9,3.6,0.811,0.4,2.7,3.1,3.8,1.6,0.2,2.6,cluster_8
6594,Jackson Shelstad,2024,32.7,12.8,4.9,10.9,0.45,1.5,4.4,0.345,1.5,1.8,0.857,0.4,2.4,2.8,2.8,0.7,0.2,1.6,cluster_8
6595,Bub Carrington,2024,33.2,13.8,4.8,11.7,0.412,2,6.1,0.322,2.2,2.8,0.785,0.5,4.7,5.2,4.1,0.6,0.2,1.9,cluster_8
6596,Ja'Kobe Walter,2024,32.3,14.5,4.1,10.9,0.376,2.1,6.3,0.341,4.1,5.2,0.792,1.3,3.1,4.4,1.4,1.1,0.2,1.3,cluster_8
6597,Garrett Johnson,2024,29.2,13.4,4.3,10,0.428,2.3,5.6,0.403,2.7,3,0.871,1,4.6,5.6,1,0.8,0.3,1.6,cluster_8
6598,Tucker Anderson,2024,30.9,14.5,4.8,11.5,0.415,2.4,6.4,0.381,2.5,3.1,0.813,0.8,2.9,3.7,1.5,0.9,0.5,1.2,cluster_8
6599,Josh Scovens,2024,30.9,12,4.4,10.9,0.4,1.4,4.3,0.321,1.9,2.8,0.667,1.3,4.1,5.4,1.9,0.7,1.1,1.8,cluster_8
6600,Taylor Hendricks,2023,34.7,15.1,5.4,11.3,0.478,1.8,4.6,0.394,2.5,3.2,0.782,2.4,4.6,7,1.4,0.9,1.7,1.4,cluster_8
6601,Mike Gerrity,2006,33.2,14.1,5.2,12.7,0.412,0.4,1.7,0.222,3.3,5,0.651,0.5,2.2,2.7,3.4,1.9,0,3.8,cluster_8
6602,Devin Gibson,2008,33.5,14.1,3.9,8.9,0.436,0.6,1.9,0.296,5.8,8.3,0.701,1.5,2.6,4.1,5.1,3.3,0,4,cluster_8
6603,Marcquise Reed,2015,27.8,15.1,5.6,11.5,0.49,0.9,2.3,0.413,2.9,3.7,0.779,0.6,1.9,2.5,2.1,1.9,0,2.6,cluster_8
6604,Dwayne Bacon,2016,28.8,15.8,5.8,13,0.447,0.9,3.4,0.281,3.2,4.5,0.714,1.4,4.4,5.8,1.5,1,0,2.2,cluster_8
6605,Brandon Ewing,2006,35.4,13.2,3.9,9.1,0.432,1.1,3.5,0.301,4.3,5.4,0.792,0.7,2.8,3.5,2.8,1.6,0,2.2,cluster_8
6606,Tim Smith,2003,32.5,15.3,5.6,12.7,0.441,1.3,3,0.424,2.8,3.9,0.733,0.9,2.8,3.7,3.7,2.4,0,4.1,cluster_8
6607,Robert Smith,2010,32.8,12.1,4,11.7,0.344,1.3,4.4,0.286,2.8,4,0.701,0.4,2.6,3.1,3,1,0,3.5,cluster_8
6608,Jonathan Stark,2014,37.2,14.5,4.7,11.3,0.417,1.3,3.5,0.381,3.8,5.1,0.746,0.4,2.3,2.6,4.2,0.9,0,2.5,cluster_8
6609,Otis Livingston II,2016,34.3,11.9,3.9,9.9,0.39,1.4,4.1,0.354,2.7,3.6,0.763,0.3,2.3,2.6,3.6,0.7,0,2.2,cluster_8
6610,Jermaine Marrow,2017,31,15.6,5.2,15.1,0.343,1.4,4.9,0.276,3.9,5.1,0.761,0.8,2.4,3.2,3,0.7,0,3.3,cluster_8
6611,Demontrae Jefferson,2017,32.1,14.3,4.6,12.1,0.376,1.4,4.6,0.302,3.8,5.2,0.719,0.5,1.6,2,3.1,1.1,0,3.1,cluster_8
6612,Mike Smith,2017,31.4,13.6,4.8,12,0.401,1.4,3.7,0.386,2.6,3.1,0.821,0.4,1.7,2.1,3.4,1.1,0,1.8,cluster_8
6613,Jackson Paveletzke,2023,33,15.1,5.1,10.3,0.493,1.4,3.5,0.393,3.5,4.2,0.842,0.4,2.3,2.7,3.7,0.8,0,2.4,cluster_8
6614,Jack McClinton,2005,32.3,13.6,4.6,10.8,0.423,1.5,4.3,0.357,2.9,3.6,0.815,0.9,4.1,5,2.7,1.1,0,2.6,cluster_8
6615,Rodney Elliott,2014,31.3,15,4.7,10.4,0.452,1.5,4.2,0.354,4.1,5.9,0.697,0.6,3.3,3.9,3.6,1.3,0,3.6,cluster_8
6616,Khallid Hart,2014,34.5,14.7,4.8,10.5,0.457,1.5,3.8,0.381,3.7,4.6,0.792,0.6,2.4,3,2.5,1.4,0,2.4,cluster_8
6617,Xavier Rathan-Mayes,2015,34.7,14.9,5.2,12.4,0.416,1.5,5.3,0.281,3.1,4.4,0.69,0.5,3,3.5,4.3,1.1,0,3.4,cluster_8
6618,Rob Edwards,2016,31.1,12.4,4.1,10.3,0.393,1.5,3.9,0.395,2.8,3.7,0.748,0.7,3.3,3.9,1.4,1.2,0,3.4,cluster_8
6619,Asher Woods,2023,35.3,14.2,5,12.9,0.387,1.5,4.8,0.316,2.7,3.4,0.78,0.9,3.5,4.4,2.3,0.9,0,2.4,cluster_8
6620,Dee Brown,2003,34.1,12,4.4,10.2,0.434,1.6,4.8,0.329,1.5,2.3,0.681,1.1,2.6,3.7,5,1.8,0,1.9,cluster_8
6621,Brandon Heath,2004,29.9,13.8,4.8,12.3,0.391,1.6,5.3,0.3,2.6,3.7,0.7,0.8,1.9,2.7,1.8,1.4,0,2.2,cluster_8
6622,Jarred DuBois,2009,34.5,13.5,4,12.2,0.331,1.6,4.5,0.348,3.8,4.5,0.843,0.7,2.3,3,2.7,1.1,0,3,cluster_8
6623,James Douglas,2012,30.1,12.2,4.4,10.6,0.414,1.6,4.3,0.383,1.8,2.4,0.742,0.7,2,2.6,2.3,1.3,0,2.3,cluster_8
6624,James Akinjo,2019,31.6,13.4,3.9,10.6,0.365,1.6,4,0.391,4.1,5,0.812,0.2,2.7,2.9,5.2,1.1,0,3,cluster_8
6625,Phillip Russell,2022,30.2,13.4,4.2,10.1,0.419,1.6,4.8,0.336,3.3,4.5,0.733,0.9,1.7,2.5,3.2,1.2,0,2.2,cluster_8
6626,Josh White,2008,31.9,13.9,4.1,8.9,0.46,1.7,3.6,0.461,4.1,4.8,0.844,0.5,2,2.5,1.5,0.5,0,2.1,cluster_8
6627,John Roberson,2008,30.9,12.3,4.1,9.7,0.422,1.7,4.4,0.4,2.3,3.2,0.72,0.3,2.3,2.5,3.3,0.8,0,2.7,cluster_8
6628,J.P. Kuhlman,2010,32.9,12.6,4.3,10.1,0.424,1.7,4.2,0.415,2.3,3.2,0.72,1,2.4,3.5,3.3,0.9,0,2.7,cluster_8
6629,Austin Rivers,2012,33.2,15.5,5.1,11.8,0.433,1.7,4.7,0.365,3.6,5.4,0.658,0.6,2.8,3.4,2.1,1,0,2.3,cluster_8
6630,Ricky Tarrant,2012,33.1,14.9,4.5,10.6,0.426,1.7,4.9,0.344,4.2,5.4,0.784,0.5,3.1,3.6,3.3,1.7,0,2.2,cluster_8
6631,"Marcus LoVett, Jr.",2017,31.6,15.9,5.5,11.9,0.464,1.7,4.4,0.382,3.1,3.9,0.803,0.6,2.3,2.9,3.8,1.3,0,2.6,cluster_8
6632,Tommy Bruner,2020,29.6,14,4.8,11.6,0.413,1.7,5,0.337,2.7,3.4,0.802,0.4,1.7,2.1,2.3,0.9,0,2.5,cluster_8
6633,Nico Mannion,2020,32.3,14,4.5,11.5,0.392,1.7,5.1,0.327,3.3,4.2,0.797,0.3,2.3,2.5,5.3,1.2,0,2.6,cluster_8
6634,Vinnie McGhee,2008,33.7,12.1,4.4,11.3,0.385,1.8,4.8,0.37,1.6,2.3,0.714,0.6,1.4,2,5.1,1.4,0,3.4,cluster_8
6635,Shelvin Mack,2009,30.8,11.9,3.8,9.8,0.391,1.8,5.5,0.326,2.5,3.3,0.757,1.3,3.2,4.4,3.5,1.1,0,2.1,cluster_8
6636,Jontrell Walker,2015,29.9,13.7,4.4,10.3,0.428,1.8,4.9,0.366,3.1,3.6,0.857,0.5,1.7,2.2,1.8,0.9,0,2.3,cluster_8
6637,Kurk Lee,2017,32.9,14.9,5.3,12.9,0.415,1.8,4.5,0.4,2.4,3.6,0.678,0.8,3.1,3.9,5,1.6,0,2.9,cluster_8
6638,Brandon Boyd,2017,30.1,12.4,3.9,9.6,0.404,1.8,4.6,0.394,2.9,3.3,0.86,0.7,2,2.7,1.2,1.4,0,1.9,cluster_8
6639,Matt Witt,2003,31.4,13.6,5.1,13,0.395,1.9,5.5,0.353,1.4,1.8,0.78,0.5,1.8,2.2,5.1,1.5,0,3.1,cluster_8
6640,Chris Flores,2010,30.2,14.1,4.9,11.6,0.421,1.9,5,0.377,2.5,3.7,0.678,1.1,2.8,3.9,2.2,1.8,0,1.9,cluster_8
6641,Adam Terrell,2012,30.3,13.7,4.8,12.8,0.379,1.9,5.6,0.331,2.2,2.6,0.817,0.4,2.8,3.2,1.6,0.5,0,1.5,cluster_8
6642,Riley LaChance,2015,33.3,12.3,4.2,9.6,0.436,1.9,4.9,0.382,2,2.3,0.873,0.3,2.9,3.1,2.9,0.7,0,1.3,cluster_8
6643,Bubba Parham,2018,29.8,14.6,4.8,12.1,0.399,1.9,5.8,0.331,3,3.8,0.798,0.4,3,3.4,2.5,0.8,0,2.8,cluster_8
6644,Vado Morse,2019,30.8,14.7,4.7,11.3,0.417,1.9,5.4,0.356,3.4,4.4,0.779,0.4,2.1,2.6,2.9,1.1,0,2.4,cluster_8
6645,Koreem Ozier,2019,28.4,14,4.7,12.5,0.378,1.9,5.7,0.338,2.7,3.5,0.753,0.7,4,4.7,1.5,0.8,0,2,cluster_8
6646,Mike DiNunno,2009,29.5,11.9,3.8,10.8,0.352,2,5.8,0.339,2.4,3.2,0.732,0.6,1.6,2.2,2.6,1.5,0,2.8,cluster_8
6647,Raymond Taylor,2010,32.8,14.2,4.7,12.3,0.384,2,5.3,0.386,2.7,3.7,0.732,0.4,2.7,3,5.9,1.4,0,3.1,cluster_8
6648,Bruce Ellington,2011,30.9,12.8,4.6,14.1,0.326,2,6.6,0.308,1.6,2.5,0.635,0.8,2.5,3.3,3.2,1,0,2.9,cluster_8
6649,Mike Lewis,2017,32.1,14.1,4.4,10.7,0.409,2,5.5,0.36,3.4,4.1,0.832,0.1,2.1,2.3,1.7,0.6,0,2,cluster_8
6650,Deonta Vaughn,2007,33,14.5,5.1,13.6,0.373,2.1,7.2,0.292,2.2,3,0.753,0.9,2.5,3.4,3.5,1.8,0,2.4,cluster_8
6651,Ryan Arcidiacono,2013,34,11.9,3.1,9.1,0.343,2.1,6.4,0.327,3.6,4.4,0.824,0.2,1.9,2.1,3.5,1.1,0,2.8,cluster_8
6652,Asante Gist,2017,31.8,15.9,5.1,13.6,0.374,2.1,6.1,0.339,3.7,5,0.735,0.3,2.2,2.5,3.6,0.9,0,3.4,cluster_8
6653,Marlon Smith,2004,36.2,13.4,4.5,12.6,0.361,2.2,6.5,0.339,2.1,2.8,0.753,0.9,2.8,3.7,2.2,0.8,0,3.8,cluster_8
6654,Matt Dellavedova,2010,36.4,12.1,3.6,9.1,0.39,2.2,5.5,0.398,2.8,3.3,0.85,1,2.5,3.5,4.5,1.2,0,2,cluster_8
6655,Harald Frey,2017,33.2,12.7,4.1,9.1,0.452,2.2,5.3,0.409,2.3,2.7,0.837,0.4,2,2.5,3.4,0.8,0,1.9,cluster_8
6656,Nick Honor,2019,36.1,15.3,5.4,14.6,0.373,2.2,6.6,0.332,2.2,2.7,0.816,0.6,1.8,2.4,3,0.9,0,1.7,cluster_8
6657,Tommy Mason-Griffin,2010,35.5,14.1,4.7,11.9,0.398,2.3,5.3,0.424,2.4,2.9,0.813,0.5,2.4,2.9,5,0.9,0,2.8,cluster_8
6658,Desi Washington,2011,33.5,13.1,4.7,10.8,0.431,2.3,6.2,0.376,1.5,1.8,0.8,0.3,1.4,1.7,1,1.1,0,1.5,cluster_8
6659,Devin Morgan,2016,30.6,12.1,3.9,10.7,0.366,2.3,6.4,0.354,2,2.5,0.795,0.7,2.4,3.1,2.7,0.9,0,1.9,cluster_8
6660,Bryce Aiken,2017,27.8,14.5,4.5,11.4,0.395,2.3,6.5,0.349,3.2,3.7,0.884,0.4,1.8,2.2,2.8,0.8,0,2.5,cluster_8
6661,Ian Krishnan,2019,34,12,4.2,11.5,0.363,2.3,6.7,0.34,1.4,1.6,0.843,0.3,1.7,2,1.2,0.8,0,1,cluster_8
6662,Jordan Dingle,2020,31.4,13.5,4.9,11.8,0.416,2.3,6.7,0.339,1.4,2.4,0.583,0.6,2.8,3.4,2.2,0.8,0,2.6,cluster_8
6663,Jon Iati,2004,40,14,5.2,14.6,0.355,2.4,7.8,0.313,1.2,1.6,0.756,0.2,1.8,2,3,0.8,0,3.1,cluster_8
6664,Jason Holsinger,2006,31.5,12.6,3.9,10,0.388,2.4,6.5,0.365,2.4,2.9,0.843,0.4,1.7,2.1,4.1,0.6,0,3.1,cluster_8
6665,Corey Hassan,2006,29.8,11.9,3.6,10,0.361,2.4,6.7,0.353,2.3,2.8,0.808,0.6,3,3.6,1.6,0.8,0,1.6,cluster_8
6666,Louie Krogman,2009,31.5,13.1,4.6,10.8,0.426,2.4,6.3,0.386,1.5,2.1,0.683,1,3.1,4.1,2.7,0.9,0,1.9,cluster_8
6667,"David Jenkins, Jr.",2018,29.5,16.1,5.2,12.1,0.432,2.4,6.3,0.382,3.3,4.1,0.799,0.3,2.9,3.2,1.6,0.4,0,1.7,cluster_8
6668,Jamarco Warren,2008,30,13.9,5,13.6,0.37,2.5,7.3,0.345,1.3,1.7,0.769,0.7,1.5,2.2,2.7,1,0,2.2,cluster_8
6669,Johnny Dee,2012,29.6,13.7,4.6,10.7,0.432,2.5,6,0.422,2,2.3,0.859,0.3,1.5,1.8,1.2,0.7,0,1.5,cluster_8
6670,Nijel Pack,2021,33.6,12.7,4.5,10.9,0.418,2.5,6.2,0.405,1.1,1.4,0.794,0.6,3.1,3.7,3.8,1.2,0,2,cluster_8
6671,David Holston,2006,32,13.4,4.5,11.3,0.397,2.6,6.5,0.403,1.8,2.1,0.857,1,1.4,2.4,2.8,1.8,0,2.6,cluster_8
6672,Caleb Hunter,2020,31.6,15.7,5.5,16.6,0.332,2.6,9.3,0.278,2.1,3.6,0.584,0.6,2.2,2.9,2.3,1.4,0,2.5,cluster_8
6673,Jordan Howard,2015,33.7,15.7,5,12.4,0.406,2.7,6.8,0.389,3,3.8,0.784,0.2,2.3,2.5,1.9,0.5,0,2.7,cluster_8
6674,Aaron Wellington,2003,32.2,13.5,4.5,11,0.409,2.8,7.1,0.397,1.6,1.8,0.902,1,2.1,3.1,1.9,1.3,0,2.8,cluster_8
6675,Rotnei Clarke,2009,31.6,12.6,4.1,9.9,0.417,2.9,7.1,0.405,1.5,1.6,0.935,0.4,1.4,1.9,1.1,0.9,0,0.9,cluster_8
6676,Adam Gore,2006,32.3,12.9,4.1,9.6,0.428,3,7.1,0.419,1.7,2.1,0.828,0.4,1.9,2.3,1.3,0.9,0,1.4,cluster_8
6677,Marquis Weddle,2008,34.8,17.1,6,14.8,0.409,3,8.9,0.337,2.1,2.8,0.747,0.4,2.5,2.8,1.8,0.9,0,2.3,cluster_8
6678,Tajuan Porter,2007,32.5,14.6,4.6,11.2,0.412,3.1,7.2,0.437,2.3,2.5,0.909,0.4,1.5,1.9,2,0.8,0,2.5,cluster_8
6679,Terry Rose,2013,34.9,14.1,4.9,12.1,0.401,3.1,7.8,0.396,1.3,1.7,0.771,0.6,2.8,3.4,1,0.5,0,2.4,cluster_8
6680,Michael Neal,2006,30.4,12.4,3.9,9.7,0.397,3.2,7.6,0.424,1.4,1.7,0.848,0.9,2,2.9,2,1.1,0,1.2,cluster_8
6681,Damon Lynn,2014,33.8,17.2,5.2,14,0.373,3.7,9.7,0.379,3.1,4,0.778,0.5,2.2,2.8,2.1,1.2,0,1.8,cluster_8
6682,Semaj Christon,2013,34.3,15.2,5.4,12.2,0.444,0.2,0.9,0.25,4.2,6.2,0.672,0.2,2.7,2.9,4.6,1.5,0.1,3.6,cluster_8
6683,Trant Simpson,2007,34,13,4,11,0.359,0.6,2.5,0.246,4.5,5.5,0.812,0.9,2.3,3.2,6,1.6,0.1,5,cluster_8
6684,Trey Freeman,2012,32.1,13.9,4.9,11.3,0.437,0.6,1.7,0.354,3.5,4,0.871,0.5,2.6,3.1,3.8,1.1,0.1,2.4,cluster_8
6685,T.J. Madlock,2022,32.9,12.7,4.5,11,0.406,0.7,2.5,0.303,3.1,4.3,0.722,1.3,4.3,5.6,3.2,1.4,0.1,2.3,cluster_8
6686,Mark Tyndale,2005,34.6,12.5,3.9,11.7,0.33,0.8,3.7,0.216,4,5.5,0.726,1.6,3.9,5.5,2.6,1.2,0.1,1.8,cluster_8
6687,Kory Holden,2015,34.1,12.4,4,10.2,0.395,0.8,2.2,0.375,3.5,4.7,0.756,0.6,2.6,3.1,5,0.6,0.1,3.3,cluster_8
6688,Devon Saddler,2011,33.4,13.3,4.8,10.3,0.467,1,2.7,0.353,2.7,4.4,0.615,0.9,3.4,4.3,2.8,0.7,0.1,3.2,cluster_8
6689,Primo Spears,2022,32.2,12.7,4.6,12.6,0.367,1,3.3,0.3,2.4,3.3,0.745,0.3,2.2,2.5,3,1.3,0.1,2.1,cluster_8
6690,Daryll Hill,2004,35.1,14.8,5.6,14.8,0.381,1.1,3.3,0.344,2.4,3.2,0.747,0.7,2,2.7,3.7,1.6,0.1,3.5,cluster_8
6691,Javaris Crittenton,2007,31.3,14.4,4.9,11,0.45,1.1,3.2,0.356,3.4,4.3,0.783,0.9,2.8,3.7,5.8,2,0.1,3.9,cluster_8
6692,Isaiah Thomas,2009,28.4,15.5,5.1,12.3,0.418,1.1,3.9,0.289,4.1,5.9,0.686,0.7,2.3,3,2.6,1.1,0.1,2.6,cluster_8
6693,Courtney Fortson,2009,32.8,14.8,5.3,12.5,0.424,1.1,3.4,0.31,3.1,5.2,0.603,1.7,3.8,5.5,5.9,1.1,0.1,4.4,cluster_8
6694,Brandon Young,2011,30.4,12.6,4.5,10.5,0.431,1.1,3.4,0.327,2.5,3.5,0.709,0.4,2,2.4,3.7,1.1,0.1,3,cluster_8
6695,Xavier Johnson,2019,31.1,15.5,4.8,11.6,0.415,1.1,3.2,0.352,4.8,6.3,0.751,1.2,2.7,3.9,4.5,1.3,0.1,4,cluster_8
6696,Kyle Lofton,2019,37.4,14.4,5.2,11.8,0.441,1.1,3.4,0.33,2.9,3.4,0.838,0.9,1.6,2.5,3.7,1.4,0.1,1.9,cluster_8
6697,Kevin Miller,2022,32.9,13.1,4.8,11.4,0.421,1.1,3,0.36,2.5,3.2,0.779,0.7,2.7,3.4,4.6,1.1,0.1,2.8,cluster_8
6698,Whit Holcomb-Faye,2003,36.7,14.3,4.4,12.8,0.34,1.2,3.9,0.319,4.3,5.9,0.729,0.6,2.3,2.9,4.1,1.1,0.1,3,cluster_8
6699,Darius Washington,2005,35.1,15.4,5.1,11.1,0.46,1.2,3.1,0.395,4,5.4,0.733,1,2.7,3.6,3.8,1.7,0.1,3.5,cluster_8
6700,Jordan Farmar,2005,34.4,13.2,4.1,10.1,0.411,1.2,3.5,0.333,3.8,4.7,0.801,0.6,2.9,3.5,5.3,1.4,0.1,3.9,cluster_8
6701,Paul McCoy,2009,34.5,13.4,5.1,11.2,0.454,1.2,3.2,0.366,2.1,3.2,0.649,1.1,3,4,3,1.6,0.1,2.6,cluster_8
6702,Taveion Hollingsworth,2018,34.5,13.3,4.5,9.3,0.48,1.2,3.1,0.378,3.2,4,0.791,0.8,2.6,3.4,1.9,1,0.1,1.8,cluster_8
6703,Elijah Hawkins,2022,29.8,13,4.3,11.5,0.376,1.2,4,0.297,3.1,4,0.793,0.5,3.3,3.8,5.5,2.3,0.1,4,cluster_8
6704,D.J. Augustin,2007,35.6,14.4,4.4,9.8,0.449,1.3,2.9,0.441,4.3,5.1,0.838,0.6,2.2,2.8,6.7,1.5,0.1,3.3,cluster_8
6705,Dewayne Russell,2013,33.3,14.4,4.7,11.7,0.398,1.3,3.8,0.339,3.8,5.3,0.732,0.5,2,2.4,3.2,1.5,0.1,3.1,cluster_8
6706,Jr. Clay,2019,31.6,14.4,4.8,11.7,0.411,1.3,3.4,0.394,3.4,4.8,0.719,0.8,3,3.8,4.3,1.8,0.1,4,cluster_8
6707,DeAndre Kane,2011,31.6,15.1,5,11.7,0.428,1.4,4.5,0.318,3.6,5.8,0.633,1.2,4.4,5.6,3.4,0.9,0.1,3.4,cluster_8
6708,"Darrell Brown, Jr.",2017,30.6,12.6,3.8,10,0.383,1.4,3.9,0.371,3.4,4.4,0.786,0.2,2,2.3,2.7,0.7,0.1,2.9,cluster_8
6709,Isaiah Stevens,2020,32.7,13.3,4.6,9.8,0.467,1.4,3.8,0.38,2.6,3.2,0.816,0.4,2.7,3.1,4.5,0.8,0.1,2.2,cluster_8
6710,Ryan Rollins,2021,30.2,13.7,4.9,11.3,0.431,1.4,4.2,0.323,2.6,3.3,0.786,1,4.2,5.2,2.5,1.1,0.1,2.4,cluster_8
6711,Calvin Baker,2006,31.4,11.6,3.9,11.9,0.324,1.5,5.6,0.276,2.3,3.1,0.747,0.6,2.1,2.7,3.6,1.5,0.1,3.1,cluster_8
6712,Kelsey Howard,2012,32.2,14.6,4.9,12.6,0.387,1.5,4.6,0.319,3.4,4.5,0.763,1.3,2.8,4.1,0.9,1,0.1,2.5,cluster_8
6713,Olivier Hanlan,2013,34.2,15.5,5.1,11,0.459,1.5,3.8,0.394,3.8,5.1,0.75,0.8,3.4,4.2,2.3,1.2,0.1,2.2,cluster_8
6714,Blake Wesley,2022,29.3,14.4,5.1,12.6,0.404,1.5,5.1,0.303,2.7,4.1,0.657,0.7,3,3.7,2.4,1.3,0.1,2.2,cluster_8
6715,Delvin Thompson,2005,30.2,14.9,5.1,12,0.425,1.6,5,0.31,3.1,4.8,0.643,1,2.1,3.1,1.4,1.4,0.1,2.5,cluster_8
6716,Tywain McKee,2006,31.6,15.4,5.3,12.6,0.422,1.6,4.4,0.367,3.2,4.2,0.762,1.4,2.8,4.2,2.4,1.6,0.1,3,cluster_8
6717,Nick Calathes,2008,32.6,15.3,4.9,11.4,0.426,1.6,4.4,0.367,4,5.5,0.724,1.1,4.1,5.2,6.1,1.6,0.1,2.9,cluster_8
6718,Armel Potter,2016,30,13.8,4.9,12.4,0.392,1.6,4.5,0.348,2.5,3.6,0.688,0.6,2.6,3.2,3.1,0.9,0.1,2,cluster_8
6719,Connor Kochera,2021,31.8,13.4,4.6,10.4,0.446,1.6,4.4,0.357,2.6,3.3,0.792,0.8,4,4.8,1.4,0.9,0.1,2.1,cluster_8
6720,Corey Brown,2005,32.3,12.7,4.4,11,0.397,1.7,4.7,0.367,2.2,2.9,0.747,0.7,1.5,2.2,2.4,1.6,0.1,4.4,cluster_8
6721,Curtis Jerrells,2006,33.4,13.5,4.8,11,0.439,1.7,4.6,0.367,2.2,3,0.725,0.6,2.9,3.5,3.3,1.4,0.1,2.9,cluster_8
6722,Eli Carter,2012,29.8,13.8,4.8,11.7,0.409,1.7,4.9,0.353,2.5,3.6,0.696,0.5,2.6,3.1,2.1,1.3,0.1,2.8,cluster_8
6723,Melo Trimble,2015,33.5,16.2,4.3,9.7,0.444,1.7,4.2,0.412,5.9,6.9,0.863,0.2,3.7,3.9,3,1.3,0.1,2.5,cluster_8
6724,B.J. Taylor,2015,32.9,12.8,4.1,11,0.374,1.7,5,0.349,2.9,4.1,0.708,0.4,2.6,3,2.5,0.9,0.1,1.2,cluster_8
6725,Denzel Mahoney,2017,29.6,14.9,4.6,10.3,0.448,1.7,4.6,0.377,4,4.9,0.815,1.4,2.8,4.2,1.2,0.7,0.1,1.4,cluster_8
6726,"Wendell Green, Jr.",2021,30.5,15.8,5.4,13.8,0.396,1.7,4.6,0.364,3.2,4.2,0.769,0.6,2.8,3.4,5,1.6,0.1,2.8,cluster_8
6727,Mike Trimboli,2006,34.8,14,4.3,11.1,0.389,1.8,5,0.351,3.6,4.2,0.843,0.7,2.2,2.8,5.5,1.6,0.1,4.5,cluster_8
6728,Shavar Richardson,2009,30.6,11.8,4.3,11.3,0.38,1.8,5,0.356,1.4,2,0.703,0.5,3.1,3.6,1.6,0.3,0.1,1.6,cluster_8
6729,Warren Niles,2010,29.2,12.7,4.5,10.9,0.414,1.8,4.9,0.365,1.9,2.7,0.698,0.6,2.8,3.4,2,0.7,0.1,2.7,cluster_8
6730,Ralston Turner,2011,29.9,12.3,4.1,11,0.369,1.8,5.5,0.322,2.4,3.4,0.703,0.4,2.2,2.6,1.6,0.6,0.1,2.3,cluster_8
6731,Scottie Reynolds,2007,29.7,14.8,4.2,10.9,0.387,1.9,5.2,0.376,4.4,5.3,0.824,0.4,2.5,2.8,4,1.4,0.1,3.1,cluster_8
6732,Gerald Robinson,2008,29.5,15.2,5.8,12.6,0.464,1.9,5.6,0.337,1.6,2.2,0.732,0.8,1.9,2.7,1.3,1.7,0.1,1.7,cluster_8
6733,Patty Mills,2008,32.1,14.8,5,11.7,0.429,1.9,5.9,0.323,2.8,3.7,0.761,0.4,1.7,2.1,3.5,1.8,0.1,2.9,cluster_8
6734,Willie Warren,2009,31.3,14.6,4.8,10.1,0.473,1.9,5,0.372,3.2,4.1,0.781,0.5,1.7,2.2,3.1,1.1,0.1,2.2,cluster_8
6735,Doug Davis,2009,30.9,12.3,4.7,10.4,0.447,1.9,5.1,0.365,1.1,1.5,0.756,0.3,1.7,2.1,1.2,0.9,0.1,1.6,cluster_8
6736,Mikey Dixon,2017,29.8,16.5,5.5,12.2,0.454,1.9,5.2,0.37,3.5,4.1,0.859,1.1,2.6,3.7,2.3,0.7,0.1,2.2,cluster_8
6737,Ky Bowman,2017,28.8,14.3,5,10.2,0.492,1.9,4.3,0.449,2.3,3.3,0.712,0.8,4.1,4.8,2.9,1.2,0.1,2.9,cluster_8
6738,Elijah Pemberton,2017,32.3,12.8,3.8,8.6,0.442,1.9,4.6,0.406,3.3,4.2,0.792,1.2,2.1,3.4,2,0.8,0.1,1.3,cluster_8
6739,Jordan Pope,2023,33.6,12.6,4.4,10.4,0.423,1.9,5,0.377,1.9,2.3,0.836,0.4,2.2,2.6,2.3,0.9,0.1,1.4,cluster_8
6740,Colt Ryan,2010,35.3,14.5,4.6,12.1,0.376,2,5.6,0.359,3.4,4.1,0.828,1,3.4,4.4,3,1.1,0.1,2.3,cluster_8
6741,Saah Nimley,2012,31.2,13.5,4.1,11.5,0.352,2,5.9,0.337,3.4,4.7,0.721,1,1.8,2.8,3.9,0.7,0.1,2.6,cluster_8
6742,Evan Hymes,2012,36.9,13.4,4.3,11.2,0.382,2,5.5,0.361,2.9,3.7,0.783,0.3,1.4,1.6,3.7,1.2,0.1,3.4,cluster_8
6743,Justin Forrest,2018,28,13.5,4.5,12.1,0.368,2,6.6,0.303,2.5,3.8,0.667,0.3,2.6,2.9,2,1.3,0.1,2.9,cluster_8
6744,Tyrell Terry,2020,32.5,14.6,4.7,10.7,0.441,2,4.9,0.408,3.2,3.5,0.891,0.4,4.1,4.5,3.2,1.4,0.1,2.6,cluster_8
6745,Chuck Harris,2021,29.7,12.9,4.3,10.7,0.401,2,5,0.403,2.3,2.8,0.836,0.6,2.4,3,2.3,1,0.1,1.9,cluster_8
6746,Stanley Burrell,2005,31.2,12.7,4.3,10.4,0.416,2.1,5.7,0.367,1.9,2.4,0.789,0.6,2.7,3.2,2.1,0.8,0.1,2.2,cluster_8
6747,Alvin Abreu,2008,33,12.7,4.2,11.6,0.359,2.1,5.9,0.36,2.2,2.7,0.818,1.2,2.6,3.8,1.8,0.8,0.1,2,cluster_8
6748,Delbert Love,2012,36.5,12.4,4.3,10.3,0.418,2.1,6.1,0.346,1.7,2.5,0.692,0.7,2.3,3,3,1.7,0.1,2.8,cluster_8
6749,Kobe Webster,2018,33.4,15.9,5.9,13.7,0.431,2.1,5.8,0.366,2,2.6,0.781,0.4,3.8,4.1,3.5,0.7,0.1,2.3,cluster_8
6750,A.J. Green,2019,29.9,15,5.4,13.2,0.41,2.1,6,0.348,2.1,2.4,0.864,0.4,2.6,3,2.3,0.6,0.1,2.8,cluster_8
6751,"Jay Heath, Jr.",2020,33.2,13.1,4.8,11.4,0.421,2.1,5.6,0.376,1.4,2.5,0.551,0.6,2.7,3.4,2.1,1.3,0.1,2.2,cluster_8
6752,Aidan Mahaney,2023,30.5,13.9,5.2,12.1,0.428,2.1,5.3,0.4,1.5,2,0.718,0.2,1.9,2.1,2,0.9,0.1,1.5,cluster_8
6753,Marcus Stout,2005,30.5,13.6,4.4,11.6,0.384,2.2,6.4,0.346,2.5,3.3,0.758,0.6,2.5,3.1,2.4,1.2,0.1,3.5,cluster_8
6754,Joe Zeglinski,2007,36.3,12.7,4.4,12.2,0.362,2.2,7.6,0.291,1.7,2.4,0.703,1.7,3.1,4.8,1.2,1.5,0.1,1.1,cluster_8
6755,Bryan Dougher,2009,35.2,11.2,3.4,10.3,0.334,2.2,6.1,0.363,2.1,2.7,0.778,0.5,1.1,1.6,1.9,1,0.1,1.7,cluster_8
6756,Jake Barnett,2010,34.1,12.9,4.2,11.3,0.371,2.2,6,0.37,2.3,2.8,0.802,0.8,3.5,4.3,1.5,0.6,0.1,2.8,cluster_8
6757,Tim Hardaway Jr.,2011,30.7,13.9,4.5,10.8,0.42,2.2,5.9,0.367,2.6,3.4,0.765,0.8,3,3.8,1.7,1,0.1,1.3,cluster_8
6758,Jahmal McMurray,2016,35.2,15.2,5.6,14.3,0.391,2.2,6.4,0.346,1.8,2.2,0.797,0.3,2.4,2.8,2.5,0.4,0.1,2.5,cluster_8
6759,Antwon Portley,2016,33.7,14,4.4,11.6,0.378,2.2,6.6,0.34,3,3.6,0.835,0.3,3,3.2,1.9,0.7,0.1,1.8,cluster_8
6760,T.J. Haws,2017,30.6,13.8,4.3,10.2,0.424,2.2,5.5,0.404,2.9,3.7,0.787,0.3,2.6,2.9,3.2,1,0.1,2.5,cluster_8
6761,Tremont Waters,2018,33,15.9,5.1,12.2,0.417,2.2,6.2,0.351,3.5,4.4,0.801,0.3,3.1,3.4,6,2,0.1,2.9,cluster_8
6762,Joseph Girard III,2020,33,12.4,3.8,11,0.348,2.2,6.8,0.324,2.6,2.9,0.894,0.2,2.9,3,3.5,1.5,0.1,1.9,cluster_8
6763,Romain Martin,2007,31.1,14.8,5,11.8,0.424,2.3,6.2,0.38,2.5,2.9,0.867,0.3,1.8,2,0.9,0.5,0.1,2.2,cluster_8
6764,Lawrence Johnson-Danner,2011,33.3,13.2,4.3,10.3,0.421,2.3,5.8,0.402,2.2,2.6,0.841,0.4,2.1,2.5,1.1,1.2,0.1,2.2,cluster_8
6765,Chasson Randle,2012,30.5,13.8,4.6,10.4,0.439,2.3,5.2,0.438,2.4,3.2,0.761,0.6,2.6,3.2,2.1,1.1,0.1,2.2,cluster_8
6766,Lester Wilson,2013,31.9,13,4.8,11.4,0.422,2.3,6.4,0.366,1.1,1.7,0.618,1.4,3.8,5.3,0.3,0.6,0.1,1.2,cluster_8
6767,"James Blackmon, Jr.",2015,30,15.7,5.4,12.8,0.42,2.3,6,0.387,2.6,3.3,0.806,1.6,3.7,5.3,1.5,0.6,0.1,1.6,cluster_8
6768,Nike Sibande,2018,32.9,15.1,5,12.1,0.414,2.3,6.5,0.35,2.8,3.9,0.733,0.8,3.5,4.3,1.2,1.1,0.1,2.1,cluster_8
6769,Gerry McNamara,2003,35.3,13.3,4.2,10.4,0.401,2.4,6.8,0.357,2.6,2.8,0.909,0.4,1.9,2.3,4.4,2.2,0.1,2.4,cluster_8
6770,Marvin Jordan,2011,34.2,11.8,4,11.3,0.358,2.4,7,0.344,1.3,1.9,0.694,0.4,2.6,3,2.3,1.2,0.1,1.9,cluster_8
6771,Kevin Pangos,2012,31.7,13.6,4.2,9.6,0.431,2.4,6,0.401,2.9,3.5,0.851,0.2,2.5,2.7,3.4,1.2,0.1,1.8,cluster_8
6772,Garret Covington,2014,32.9,14.6,4.5,10.9,0.413,2.4,6.2,0.387,3.2,4,0.8,0.8,3.9,4.7,1.9,1,0.1,1.9,cluster_8
6773,Antonio Green,2016,33.5,11.6,4.1,10.4,0.395,2.4,6.2,0.381,1,1.4,0.667,0.4,3.8,4.2,3,0.6,0.1,1.9,cluster_8
6774,Ithiel Horton,2019,32.6,13.2,4.6,10.6,0.433,2.4,5.8,0.409,1.7,2.1,0.786,0.4,2.7,3.1,1.6,1,0.1,1.4,cluster_8
6775,Andre Ingram,2004,31,13.6,4.7,11.9,0.393,2.5,6.4,0.396,1.8,2.3,0.786,0.9,3.1,4,1.1,0.7,0.1,1.8,cluster_8
6776,Bobby Brown,2004,31.1,13.2,4.6,11.5,0.402,2.5,6.2,0.405,1.5,1.7,0.872,0.6,1.4,2,3.5,1.1,0.1,2.3,cluster_8
6777,Jaycee Carroll,2005,30.4,14.7,5.4,10.3,0.523,2.5,5.2,0.476,1.4,1.9,0.738,0.5,3.8,4.3,1.5,0.9,0.1,1.6,cluster_8
6778,Maverick Rowan,2016,33.4,12.9,4.2,11.8,0.36,2.5,7.3,0.336,2,2.6,0.765,0.9,2.2,3.1,0.7,0.5,0.1,1.5,cluster_8
6779,"Kino Lilly, Jr.",2022,29.8,13.3,4.6,10.5,0.434,2.5,6.3,0.399,1.7,2.1,0.82,0.2,1.4,1.6,2.4,1.3,0.1,2.2,cluster_8
6780,Sam Brand,2003,30.2,12.4,4.3,10.8,0.401,2.6,6.7,0.392,1.1,1.5,0.727,0.6,1.5,2.2,1.5,0.9,0.1,1.5,cluster_8
6781,Antonio Webb,2005,33.2,14.9,5.2,12.6,0.409,2.6,6.6,0.387,2,2.4,0.833,0.6,2.4,2.9,3,1.5,0.1,2.4,cluster_8
6782,Austin Dahn,2008,31.8,12,4.1,10.8,0.382,2.6,6.6,0.397,1.1,1.5,0.773,0.4,2.4,2.8,1.2,0.7,0.1,2,cluster_8
6783,"Wesley Person, Jr.",2015,34.9,14.2,4.6,11.2,0.409,2.6,6.9,0.372,2.5,3.1,0.791,0.8,2,2.8,1,0.4,0.1,1.7,cluster_8
6784,Corey Allen,2017,31.3,14.4,4.9,11.2,0.439,2.6,5.8,0.448,1.9,3,0.637,0.9,2.2,3,1.8,1,0.1,1.8,cluster_8
6785,"Gary Trent, Jr.",2018,33.9,14.5,4.8,11.5,0.415,2.6,6.5,0.402,2.3,2.6,0.876,0.8,3.4,4.2,1.4,1.2,0.1,1,cluster_8
6786,Keaston Willis,2020,30.8,13.3,4.3,11.5,0.372,2.6,7.5,0.349,2.1,2.7,0.765,0.5,2.3,2.7,1,0.8,0.1,1.3,cluster_8
6787,Kevin Reed,2003,29.6,12.3,4.3,10.2,0.419,2.7,6.7,0.402,1.1,1.5,0.744,0.8,3.8,4.6,1.9,1.4,0.1,2.3,cluster_8
6788,Antoine Agudio,2005,34.8,15.1,5.3,12.5,0.427,2.7,6.5,0.423,1.7,2.5,0.658,0.8,2.4,3.2,2.4,0.8,0.1,2.3,cluster_8
6789,Schadrac Casimir,2015,34.3,14.5,4.5,10.4,0.427,2.7,6.3,0.423,2.9,3.3,0.895,0.5,2.3,2.8,2,1.1,0.1,1.2,cluster_8
6790,Nick Emery,2016,31.4,16.3,5.6,13.3,0.425,2.7,7,0.383,2.3,2.7,0.854,0.5,3,3.5,2.5,1.4,0.1,1.5,cluster_8
6791,Jhivvan Jackson,2018,25.7,18.4,6,13.9,0.431,2.7,7.2,0.368,3.8,4.9,0.768,0.3,2.9,3.2,1.8,1,0.1,2.4,cluster_8
6792,Fletcher Abee,2020,32.4,12.2,4,9.8,0.41,2.7,7.1,0.376,1.5,1.8,0.849,0.3,1.6,1.9,1.4,1.1,0.1,0.7,cluster_8
6793,Greg Gantt,2010,31,15.6,5.5,13,0.426,2.8,7.3,0.39,1.7,2.4,0.708,1,1.4,2.4,1,0.7,0.1,0.8,cluster_8
6794,Will Batchelder,2023,32,12.3,4.3,10.7,0.405,2.8,6.8,0.404,0.9,1.1,0.806,0.3,1.8,2,1.9,0.7,0.1,2,cluster_8
6795,J.J. Redick,2003,30.7,15,4.5,10.9,0.413,2.9,7.2,0.399,3.1,3.4,0.919,0.6,1.9,2.5,2,1.2,0.1,1.6,cluster_8
6796,Joe McCray,2005,29.7,15.5,5.1,12.8,0.398,2.9,8,0.356,2.4,3.3,0.72,1.2,3.8,5,1.3,1.1,0.1,2.6,cluster_8
6797,Jack Leasure,2005,29.9,14.5,5,10.9,0.461,2.9,6.9,0.425,1.5,1.8,0.811,0.2,1.8,2,2,1,0.1,1.9,cluster_8
6798,Chris Warren,2008,31.4,15.8,5.2,13.2,0.396,2.9,7.6,0.389,2.4,3,0.802,0.2,1.8,2,4.5,1.1,0.1,2.9,cluster_8
6799,Jared Brownridge,2014,33.5,17.2,5.5,12.2,0.454,2.9,6.6,0.436,3.2,3.7,0.862,0.3,2.2,2.6,2.3,0.7,0.1,1.5,cluster_8
6800,Chase Johnston,2021,31.9,13.5,4.8,11.3,0.423,2.9,7.8,0.376,1,1.2,0.844,0.4,1.9,2.3,1.7,1.5,0.1,1.5,cluster_8
6801,Brion Rush,2003,34,17.1,6.1,14.1,0.434,3,7.2,0.419,1.8,2.4,0.775,0.8,3,3.8,2.9,1.6,0.1,2.7,cluster_8
6802,Fowzi Abdelsamad,2005,34.3,15.5,5,12,0.42,3,7.7,0.392,2.4,3.1,0.774,0.5,2.3,2.8,0.9,0.7,0.1,1.7,cluster_8
6803,Chris Lofton,2005,29.5,13.2,4.5,9.5,0.481,3,6.5,0.465,1.1,1.3,0.854,0.8,2.8,3.6,1.5,1.3,0.1,1,cluster_8
6804,Adam Leonard,2007,34.6,12.5,4.1,10,0.409,3.2,8,0.395,1.2,1.4,0.826,0.4,2.2,2.5,2.6,1.7,0.1,2,cluster_8
6805,Cameron Healy,2019,34.5,16,5.2,12.3,0.423,3.3,7.8,0.416,2.4,2.7,0.884,0.3,3.4,3.8,2.4,0.7,0.1,2.2,cluster_8
6806,Isaiah Joe,2019,30.1,13.9,4.4,10.5,0.413,3.3,8,0.414,1.8,2.4,0.756,0.6,2.2,2.8,1.8,1.5,0.1,1.2,cluster_8
6807,LeAntwan Luckett,2013,32.9,13.4,4.6,12.4,0.375,0.4,2.1,0.186,3.7,5.7,0.648,1.4,2.6,4,2.4,1,0.2,2.9,cluster_8
6808,Ray McCallum,2011,33.3,13.5,4.2,9.6,0.44,0.8,2.4,0.313,4.3,6.2,0.691,1.4,3.3,4.7,4.9,1.6,0.2,2.6,cluster_8
6809,Roddie Anderson III,2023,31.2,13.1,4.9,12.4,0.394,0.8,2.8,0.298,2.5,3.4,0.735,0.5,3.3,3.8,3.6,1.2,0.2,3.2,cluster_8
6810,Cameron Wells,2008,35,14.4,5.7,13.6,0.417,0.9,3.1,0.301,2.1,3.3,0.653,0.7,4.4,5.1,3.8,1.6,0.2,2.4,cluster_8
6811,Tyler Ennis,2014,35.7,12.9,4.4,10.6,0.411,0.9,2.5,0.353,3.4,4.4,0.765,0.8,2.6,3.4,5.5,2.1,0.2,1.7,cluster_8
6812,Zack Bryant,2018,32,13.6,4.9,10.8,0.456,0.9,2.8,0.319,2.8,3.8,0.752,0.4,2.8,3.2,3.1,1.1,0.2,2.2,cluster_8
6813,Nigel Williams-Goss,2014,33.2,13.4,5.3,11.3,0.464,1,2.8,0.356,1.9,2.6,0.723,0.8,3.6,4.4,4.4,1.1,0.2,2.9,cluster_8
6814,Ja'Ron Jefferson,2005,29.6,12.9,4.4,9.9,0.442,1.1,3.2,0.356,3.1,3.8,0.804,1,3,4.1,2.2,1.5,0.2,2.5,cluster_8
6815,Damian Dunn,2022,30.5,14.9,4.6,11.7,0.394,1.1,3.8,0.301,4.5,5.4,0.834,0.9,3.3,4.2,2,0.9,0.2,2.8,cluster_8
6816,David Moss,2003,32.4,13.2,4.4,10.2,0.432,1.2,3.2,0.38,3.2,4,0.806,1.2,3.3,4.4,2.3,0.5,0.2,3.3,cluster_8
6817,Reggie Williams,2005,35.1,15.5,5.7,13.2,0.431,1.2,4.4,0.28,2.9,3.6,0.796,1.1,3.6,4.7,2.5,1.4,0.2,2,cluster_8
6818,Tahj Tate,2012,35.3,16.1,6,13.8,0.439,1.2,3.5,0.333,2.8,3.7,0.764,1.2,1.5,2.6,2.7,1.3,0.2,2.3,cluster_8
6819,Evan Payne,2014,30.3,15.5,5.3,12.3,0.435,1.2,3.4,0.345,3.7,4.3,0.842,1,1.7,2.7,1.4,1.3,0.2,2.7,cluster_8
6820,Taishaun Johnson,2015,31.4,12.5,3.6,9.6,0.373,1.2,4.2,0.292,4.2,5.4,0.78,1.1,3,4.1,2.2,1,0.2,3.1,cluster_8
6821,Peter Kiss,2017,29.8,13.3,5,12.2,0.408,1.2,4.2,0.277,2.2,3,0.742,1.2,4.5,5.6,2.8,1.2,0.2,2.9,cluster_8
6822,"B.J. Boston, Jr.",2021,30.3,11.5,4.1,11.6,0.355,1.2,4,0.3,2,2.6,0.785,1.3,3.2,4.5,1.6,1.3,0.2,1.4,cluster_8
6823,Mardy Collins,2003,35.4,12,4.5,12.2,0.37,1.3,4.4,0.298,1.6,2.4,0.675,0.8,2.1,2.9,2.6,1.9,0.2,1.9,cluster_8
6824,Bradley Mosley,2004,36.9,14.6,5.1,12.4,0.41,1.3,4.6,0.274,3.2,4.3,0.748,0.7,2.2,2.9,3.3,0.9,0.2,3.1,cluster_8
6825,Colbey Ross,2018,31.8,14,4.7,10.2,0.465,1.3,3,0.427,3.3,4,0.82,0.3,2.6,3,5.6,1,0.2,2.8,cluster_8
6826,Cane Broome,2015,31.6,14.5,5.2,11.6,0.445,1.4,4.2,0.338,2.8,3.7,0.752,0.5,3.3,3.8,2.4,1.1,0.2,2.3,cluster_8
6827,Marcus Williams,2021,31.1,14.8,5.1,11.2,0.452,1.4,4.4,0.33,3.2,4.5,0.705,0.2,2.3,2.5,4.3,1.4,0.2,3,cluster_8
6828,Kennedy Chandler,2022,30.8,13.9,5.4,11.5,0.464,1.4,3.8,0.383,1.8,2.9,0.606,0.7,2.6,3.2,4.7,2.2,0.2,2.5,cluster_8
6829,Tim Jennings,2005,34.1,12.6,4.4,11.1,0.396,1.5,4.5,0.328,2.3,3,0.769,1.5,2.7,4.2,2.6,2.6,0.2,3.3,cluster_8
6830,Elijah Wilson,2014,32.6,15.8,5.9,13.6,0.431,1.5,4.9,0.305,2.5,3.6,0.699,1.2,2.9,4.1,0.9,0.9,0.2,1.4,cluster_8
6831,Corey Sanders,2016,33.5,15.9,5.8,13.7,0.423,1.5,4.8,0.315,2.9,4,0.713,0.5,2.8,3.3,4.3,1.8,0.2,3.1,cluster_8
6832,Allonzo Trier,2016,28,14.8,4.5,9.7,0.466,1.5,4.1,0.364,4.3,5.4,0.793,0.4,2.9,3.3,1.1,0.5,0.2,1.9,cluster_8
6833,DeJuan Clayton,2017,32.4,12.4,3.8,9.1,0.411,1.5,4.3,0.348,3.4,4.8,0.719,0.6,1.5,2.1,3.1,1,0.2,2,cluster_8
6834,Jose Perez,2019,31.5,15.2,5,11.2,0.449,1.5,4,0.381,3.6,5.1,0.704,1,4.7,5.7,3,0.8,0.2,2,cluster_8
6835,Jonny Flynn,2008,35.5,15.7,5.5,11.9,0.459,1.6,4.6,0.348,3.1,4.1,0.775,0.6,2.1,2.7,5.3,1.5,0.2,2.7,cluster_8
6836,Reggie Dillard,2014,34.8,12.1,4.3,10.5,0.41,1.6,3.8,0.421,1.9,3.3,0.586,0.7,3,3.7,3.9,0.9,0.2,3,cluster_8
6837,Malik Beasley,2016,29.8,15.6,5.4,11.6,0.471,1.6,4.2,0.387,3.1,3.8,0.813,1.3,4,5.3,1.5,0.9,0.2,1.7,cluster_8
6838,Antonio Blakeney,2016,30.8,12.6,4.2,9.8,0.425,1.6,4.7,0.335,2.7,3.6,0.748,0.8,2.7,3.5,0.9,0.7,0.2,0.8,cluster_8
6839,Luguentz Dort,2019,31.5,16.1,5.1,12.6,0.405,1.6,5.2,0.307,4.3,6.1,0.7,1.3,3,4.3,2.3,1.5,0.2,2.9,cluster_8
6840,"Mike Miles, Jr.",2021,33,13.6,4.7,11.4,0.413,1.6,4.6,0.36,2.5,3,0.827,0.3,3.2,3.5,3.1,1,0.2,2.6,cluster_8
6841,Noah Farrakhan,2022,31.5,16.6,6.1,14.3,0.426,1.6,4,0.408,2.8,3.7,0.758,0.7,3.1,3.8,2.3,1.2,0.2,3,cluster_8
6842,Micah Parrish,2022,34.3,12.1,3.8,8.6,0.44,1.6,4.4,0.353,2.9,3.7,0.8,1.7,4.3,6,1.4,1.7,0.2,1.9,cluster_8
6843,Matt Janning,2007,35.4,11.6,4.1,9.8,0.414,1.7,4.9,0.353,1.7,2.4,0.724,1.2,3.3,4.5,2.8,0.9,0.2,2.4,cluster_8
6844,Keith Shamburger,2011,31.4,12.4,3.9,11,0.359,1.7,5.5,0.317,2.8,3.7,0.752,0.7,3,3.8,2.4,0.9,0.2,1.3,cluster_8
6845,Jerian Grant,2012,36.2,12.3,3.6,9.6,0.38,1.7,4.7,0.354,3.3,4.1,0.819,0.5,2.3,2.9,5,1.3,0.2,1.8,cluster_8
6846,Derrick Colter,2013,32.2,13.5,4.5,12.1,0.376,1.7,5.3,0.314,2.8,4.2,0.667,0.6,2.1,2.8,5.2,0.8,0.2,3.6,cluster_8
6847,De'Edrick Petty,2017,29.5,13.3,3.6,10.2,0.351,1.7,5.7,0.289,4.5,6,0.749,0.6,2.4,3,1.3,0.3,0.2,1.9,cluster_8
6848,Matt Lewis,2018,31.8,14.5,4.3,11.3,0.376,1.7,5,0.335,4.3,5.3,0.801,0.8,3,3.7,2.3,1,0.2,1.3,cluster_8
6849,A.J. Lawson,2019,30.5,13.4,4.5,10.9,0.411,1.7,4.6,0.358,2.8,4.1,0.667,0.9,3.4,4.3,2.9,1.1,0.2,2.6,cluster_8
6850,Zion Harmon,2023,28.9,13.7,4.4,11.2,0.397,1.7,4.9,0.338,3.2,3.9,0.823,0.3,1.7,2,2.8,1,0.2,3,cluster_8
6851,Jon Scheyer,2007,33.7,12.2,3.4,8.6,0.398,1.8,5.1,0.365,3.5,4.1,0.846,1.2,2.1,3.3,1.8,1.2,0.2,1.6,cluster_8
6852,Omar Carter,2008,27.8,15.5,5.5,12.5,0.44,1.8,5.1,0.359,2.7,3.7,0.736,1.9,4.6,6.5,1.7,1.2,0.2,2.4,cluster_8
6853,Adam Grant,2017,35.7,13.4,4.8,11.8,0.403,1.8,5.5,0.337,2.1,2.7,0.776,1.1,2.8,3.8,2.6,1.4,0.2,2.1,cluster_8
6854,Geronimo Rubio De La Rosa,2022,33.5,12.3,4.4,11.5,0.385,1.8,5.6,0.324,1.6,2.2,0.75,0.5,3.4,3.9,3.2,1.2,0.2,2.5,cluster_8
6855,Reggie Bass,2023,30.8,12.4,3.4,10.4,0.328,1.8,5.6,0.32,3.8,4.6,0.82,0.5,3.2,3.6,3.3,1.1,0.2,3.2,cluster_8
6856,Cliffone Ault,2005,31,13.8,5.1,15,0.337,1.9,6.8,0.274,1.8,2.8,0.643,1.1,2.4,3.5,1.8,0.8,0.2,3.2,cluster_8
6857,Brandon Reed,2010,33.3,15.1,5.4,13.8,0.393,1.9,5.6,0.335,2.4,3.4,0.708,1,2.4,3.4,2.5,0.7,0.2,2.5,cluster_8
6858,Gary Harris,2013,29.7,12.9,4.4,9.7,0.456,1.9,4.6,0.411,2.2,2.9,0.755,0.9,1.6,2.5,1.4,1.3,0.2,1.5,cluster_8
6859,Bryant Crawford,2016,31.7,13.8,4.6,11.7,0.394,1.9,5.4,0.348,2.7,4,0.669,0.5,2.5,3,4.4,1.7,0.2,3.5,cluster_8
6860,Tyler Dorsey,2016,30.1,13.4,4.3,9.6,0.441,1.9,4.6,0.406,3.1,4.3,0.712,1.3,3,4.3,2,0.8,0.2,1.9,cluster_8
6861,Louis King,2019,30.4,13.5,4.8,11,0.435,1.9,4.9,0.386,2,2.5,0.785,1.3,4.2,5.5,1.3,0.9,0.2,2.1,cluster_8
6862,Tyler Morris,2007,31.6,13.4,4.5,9.7,0.462,2,4.3,0.469,2.4,3,0.802,1.4,1.7,3,2.4,1,0.2,1.9,cluster_8
6863,Anthony Drmic,2012,30.6,12,3.8,10,0.381,2,6.2,0.317,2.4,3.2,0.734,1,3.9,5,2.1,1.1,0.2,1.3,cluster_8
6864,Tamarius Brown,2005,30.3,14.1,5.3,14,0.382,2.1,6.7,0.309,1.3,1.7,0.778,0.8,3.4,4.2,2.2,1.5,0.2,2.7,cluster_8
6865,Christian Polk,2007,29.4,12,4.4,12,0.365,2.1,6.8,0.315,1.1,1.4,0.791,0.3,1.8,2.1,1.9,0.8,0.2,2.6,cluster_8
6866,Kenny Boynton,2010,32.8,14,4.9,12.9,0.376,2.1,7.2,0.294,2.2,2.9,0.747,1.1,1.5,2.6,2.7,1.1,0.2,2,cluster_8
6867,James Young,2014,32.4,14.3,4.6,11.3,0.407,2.1,5.9,0.349,3.1,4.4,0.706,1,3.3,4.3,1.7,0.8,0.2,1.9,cluster_8
6868,MaCio Teague,2017,34.1,15.4,5.1,10.9,0.468,2.1,4.7,0.455,3.1,3.5,0.886,0.5,4,4.6,2.7,1.1,0.2,0.9,cluster_8
6869,Darius McNeill,2018,32.8,11.3,4,10.5,0.381,2.1,5.9,0.353,1.3,1.7,0.741,0.3,2.6,2.9,2.2,1.2,0.2,2.2,cluster_8
6870,Jamari Blackmon,2019,35.3,14.6,4.3,13.2,0.325,2.1,7.3,0.291,3.9,5.1,0.767,0.8,2.7,3.5,2.7,1.8,0.2,1.9,cluster_8
6871,Rob Perry,2020,32.8,15.1,5.2,12,0.438,2.1,4.9,0.426,2.5,3.5,0.701,1.1,4,5.1,1.6,0.9,0.2,2.2,cluster_8
6872,Marques Warrick,2021,32.4,15.8,5.8,12.9,0.453,2.1,5.9,0.361,2,2.4,0.817,0.7,1.8,2.5,1.8,0.8,0.2,1.6,cluster_8
6873,Jeremy Sexton,2010,32.2,12.7,4.5,10.4,0.428,2.2,5.9,0.381,1.6,2,0.783,0.3,1.7,2,2.3,1.4,0.2,2.9,cluster_8
6874,Houston Mallette,2022,31.7,13.6,4.9,11.1,0.441,2.2,5.8,0.382,1.6,2.1,0.773,0.3,3.1,3.3,1.9,0.7,0.2,1.3,cluster_8
6875,Corey Lowe,2007,31.6,14.1,4.4,11.8,0.376,2.3,7.2,0.328,2.9,4.1,0.708,0.8,2.9,3.8,2.7,0.9,0.2,3.4,cluster_8
6876,Paul Bruns,2022,31.4,14.8,4.8,12.1,0.4,2.3,6.3,0.369,2.8,3.5,0.822,1.3,4.5,5.7,1.1,1,0.2,0.9,cluster_8
6877,Keyonte George,2023,28.8,15.3,4.7,12.5,0.376,2.3,6.9,0.338,3.6,4.5,0.793,1,3.2,4.2,2.8,1.1,0.2,2.9,cluster_8
6878,Mike Rosario,2009,32.4,16.2,5.8,14.7,0.391,2.4,7.9,0.302,2.3,2.7,0.839,1.2,2.3,3.5,1.4,1.1,0.2,2.9,cluster_8
6879,Marcus Foster,2014,29.4,15.5,5.4,12.7,0.423,2.4,6.1,0.395,2.4,3.3,0.734,0.8,2.4,3.2,2.5,0.6,0.2,2.2,cluster_8
6880,Austin Nehls,2016,35.3,11.7,3.5,9.4,0.374,2.4,6.4,0.382,2.2,2.8,0.778,1.2,2.6,3.8,1.6,0.6,0.2,1.8,cluster_8
6881,Kam Gibson,2019,30.8,13.6,5,10.8,0.458,2.4,6,0.404,1.2,1.8,0.684,0.4,1.7,2.1,1.9,0.5,0.2,2.2,cluster_8
6882,Ronell Wooten,2006,33.3,15.5,5.8,13,0.441,2.5,7.1,0.352,1.5,2.6,0.583,2.5,3.8,6.4,0.9,1,0.2,1.1,cluster_8
6883,Gerald McLemore,2009,30.1,12.1,4.2,11.1,0.383,2.5,6.9,0.356,1.1,1.4,0.791,0.4,2.1,2.5,1.1,1.3,0.2,1.7,cluster_8
6884,Preston Parks,2017,27.1,17.5,6,14.7,0.406,2.5,7.5,0.329,3.1,3.7,0.828,1,2,3,3.7,1.9,0.2,2.5,cluster_8
6885,Kevin Foster,2009,30.3,14.7,4.9,12,0.412,2.6,7,0.366,2.3,2.9,0.781,0.4,2,2.4,2.5,1.3,0.2,2.8,cluster_8
6886,J.C. Hampton,2014,31.4,14.5,4.5,11.1,0.407,2.7,7.1,0.387,2.7,3.6,0.752,0.2,2.8,3.1,2.9,1,0.2,2.4,cluster_8
6887,Jaden Shackelford,2020,29.4,15,4.8,11.5,0.413,2.7,7.6,0.357,2.8,3.6,0.768,1.3,3.2,4.5,1.4,0.5,0.2,1.5,cluster_8
6888,Wesley Jenkins,2008,29.8,13,4.6,11.7,0.391,2.8,6.6,0.417,1.1,1.7,0.646,0.5,2.7,3.2,0.9,1.5,0.2,2.1,cluster_8
6889,Max Abmas,2020,29.5,14.5,5.1,12.4,0.411,2.8,7.7,0.366,1.5,1.8,0.818,0.4,1.8,2.2,1.4,1,0.2,1,cluster_8
6890,Ryan Allen,2018,35.7,15.3,5.4,13.4,0.406,2.9,7.4,0.389,1.6,2.2,0.723,0.3,2.2,2.5,1.5,0.5,0.2,1.6,cluster_8
6891,Jason Roche,2022,36.1,13.2,4,10,0.401,3.5,8.9,0.397,1.6,1.8,0.909,0.7,3.2,4,0.7,0.7,0.2,1,cluster_8
6892,Tyler Smith,2007,33.7,14.9,5.6,12.7,0.442,0.5,2.2,0.254,3.1,4.3,0.727,2.2,2.8,4.9,3.6,1.5,0.3,3,cluster_8
6893,Giovanni St. Amant,2003,35.1,13.6,5,11.7,0.426,0.9,2.3,0.397,2.7,3.3,0.82,0.7,2.4,3.1,2.5,0.7,0.3,2.6,cluster_8
6894,Malik Hairston,2005,30.7,13.1,5.4,10.6,0.509,0.9,2.6,0.333,1.6,3.3,0.472,1.7,3.3,5,1.9,0.6,0.3,2.1,cluster_8
6895,Sundiata Gaines,2005,34.4,12,4.1,11,0.376,0.9,3.4,0.269,2.8,5.1,0.54,1.6,3.4,4.9,2.9,2.4,0.3,2.8,cluster_8
6896,Lawrence Alexander,2012,34.5,12.8,4.5,9.8,0.455,0.9,2.7,0.318,3.1,4.6,0.664,0.5,3.4,4,4.6,1.2,0.3,3.1,cluster_8
6897,Tony Carr,2017,32.8,13.2,4.3,11.3,0.377,1,3.1,0.32,3.7,4.8,0.771,0.7,4.1,4.8,4.2,0.7,0.3,2.6,cluster_8
6898,Jaylen Nowell,2018,32.5,16,6,13.2,0.451,1.1,3.3,0.351,2.9,3.7,0.8,1,3,4,2.7,1.1,0.3,2.5,cluster_8
6899,Nendah Tarke,2022,34,13.3,4.4,11.1,0.396,1.1,4.1,0.275,3.3,5.3,0.626,0.9,5.8,6.8,2.7,2.9,0.3,2.9,cluster_8
6900,De'Sean Allen-Eikens,2020,29.6,13.8,4.9,10.5,0.47,1.2,3.8,0.32,2.7,3.7,0.744,2,2.8,4.8,1.1,0.6,0.3,2.2,cluster_8
6901,Jalen Suggs,2021,28.9,14.4,5.2,10.3,0.503,1.2,3.5,0.337,2.9,3.8,0.761,0.6,4.7,5.3,4.5,1.9,0.3,2.9,cluster_8
6902,Malaki Branham,2022,29.5,13.7,5,10,0.498,1.2,2.8,0.416,2.5,3,0.833,0.8,2.8,3.6,2,0.8,0.3,1.7,cluster_8
6903,Kyrell Luc,2022,32.2,13,4.7,11.9,0.392,1.2,3.5,0.355,2.4,3.1,0.773,0.4,3.3,3.6,2.4,1.5,0.3,2.7,cluster_8
6904,Jalen Hood-Schifino,2023,33.1,13.5,5.3,12.6,0.417,1.2,3.5,0.333,1.8,2.4,0.776,0.4,3.7,4.1,3.7,0.8,0.3,2.8,cluster_8
6905,Deonte Burton,2011,29.6,13.7,4,9.5,0.422,1.3,3.8,0.355,4.3,5.8,0.746,0.3,1.9,2.3,3.5,1.3,0.3,2.2,cluster_8
6906,Nigel Hawkins,2019,33.9,12.6,3.9,11.3,0.34,1.3,4.7,0.276,3.6,4.5,0.795,1,3.6,4.5,1.7,0.9,0.3,3.1,cluster_8
6907,Kevin Knox II,2018,32.4,15.6,5.3,11.9,0.445,1.5,4.5,0.341,3.4,4.4,0.774,0.9,4.5,5.4,1.4,0.8,0.3,2.3,cluster_8
6908,Andre Heard,2005,35.6,14.3,4.9,14,0.35,1.6,5.6,0.288,2.9,3.9,0.728,1.1,3.4,4.5,2.6,2,0.3,2.2,cluster_8
6909,Aaron Harrison,2014,32.6,13.7,4.4,10.3,0.423,1.6,4.4,0.356,3.5,4.4,0.79,0.6,2.3,3,1.9,1.1,0.3,1.6,cluster_8
6910,Justin Turner,2018,33.9,15.9,5.5,13.4,0.406,1.6,4.3,0.379,3.4,4.1,0.813,0.8,2.8,3.6,2.6,1.5,0.3,2.4,cluster_8
6911,Tyler Herro,2019,32.6,14,5,10.9,0.462,1.6,4.6,0.355,2.4,2.5,0.935,0.4,4.1,4.5,2.5,1.1,0.3,1.6,cluster_8
6912,Ayo Dosunmu,2019,31.2,13.8,5.1,11.7,0.436,1.6,4.4,0.352,2.1,3,0.695,0.7,3.3,4,3.3,1.3,0.3,2.3,cluster_8
6913,"Kira Lewis, Jr.",2019,31.6,13.5,4.6,10.7,0.431,1.6,4.4,0.358,2.6,3.4,0.783,0.4,2.2,2.6,2.9,0.8,0.3,2.2,cluster_8
6914,Jahmir Young,2020,32.3,12.5,4.1,9.6,0.426,1.6,4.3,0.373,2.7,3.7,0.738,0.6,4.7,5.2,2.8,1.6,0.3,1.9,cluster_8
6915,Erik Reynolds II,2022,32.1,12.1,4.3,10.4,0.417,1.7,5,0.336,1.7,2.1,0.839,0.3,1.8,2.1,2.3,0.8,0.3,2.1,cluster_8
6916,D.J. Cooper,2010,35.5,13.5,4.2,11.3,0.374,1.8,5.5,0.319,3.3,4.3,0.766,1.8,3.5,5.4,5.9,2.5,0.3,2.7,cluster_8
6917,Stefan Moody,2013,31.4,15.7,5.2,12.4,0.421,1.8,5.1,0.354,3.5,4.3,0.815,0.7,3.5,4.2,2.2,0.7,0.3,3.1,cluster_8
6918,Koby McEwen,2017,30.9,14.7,4.4,9.5,0.462,1.8,4.4,0.418,4.1,5.7,0.724,0.5,4.6,5.1,3.1,0.8,0.3,2.7,cluster_8
6919,Bryan Hopkins,2003,31.6,13.6,4.2,11.6,0.359,1.9,5.8,0.335,3.3,4.3,0.767,0.5,2.7,3.1,3.9,2.1,0.3,4.1,cluster_8
6920,Nisre Zouzoua,2016,30.3,12.8,4.2,10.4,0.408,1.9,5.2,0.37,2.4,2.9,0.843,0.6,2.5,3.2,1.4,0.8,0.3,1.5,cluster_8
6921,John-Michael Wright,2020,32.4,14.2,4.8,12.3,0.39,1.9,5.7,0.331,2.8,3.6,0.759,1.4,3.9,5.3,2.3,1.1,0.3,1.6,cluster_8
6922,Raymond Felton,2003,35.4,12.9,4.3,10.8,0.398,2,5.5,0.358,2.3,3.3,0.693,0.8,3.3,4.1,6.7,1.6,0.3,3.7,cluster_8
6923,Terrico White,2009,30,13.7,5.1,11.8,0.428,2,5.6,0.354,1.6,2.5,0.628,0.8,2.6,3.4,2.3,0.8,0.3,1.8,cluster_8
6924,Kentavious Caldwell-Pope,2012,32.2,13.2,4.8,12,0.396,2,6.7,0.304,1.7,2.5,0.654,1.4,3.8,5.2,1.2,1.8,0.3,1.1,cluster_8
6925,Nate Calmese,2023,31.5,17.6,6.5,13.6,0.481,2,5.4,0.367,2.6,3.4,0.755,0.7,1.8,2.5,2,1.2,0.3,2.4,cluster_8
6926,Kevin Criswell,2003,29.5,15.1,4.8,12.3,0.391,2.1,6,0.344,3.4,4.2,0.803,1.6,2.9,4.4,1.4,1.1,0.3,1.6,cluster_8
6927,Malachi Richardson,2016,34.4,13.4,4.1,11.1,0.369,2.1,6.1,0.353,3.1,4.2,0.72,0.5,3.8,4.3,2.1,1.2,0.3,2.1,cluster_8
6928,"Eric Williams, Jr.",2018,33.7,14.3,4.6,11.7,0.392,2.1,5.8,0.364,3,4.1,0.74,2.1,6.6,8.8,1.6,1.3,0.3,2.1,cluster_8
6929,Landers Nolley II,2020,30.2,15.5,5.3,14.4,0.37,2.1,6.7,0.316,2.7,3.4,0.78,0.8,5,5.8,2.4,0.8,0.3,2.7,cluster_8
6930,Darnell Harris,2005,36,11.3,3.8,10.6,0.357,2.2,7.2,0.31,1.4,1.8,0.808,0.2,2.9,3.1,1,0.8,0.3,1.2,cluster_8
6931,Nick Barbour,2009,27.7,14.2,4.8,12.3,0.389,2.2,6.2,0.348,2.5,3.3,0.74,0.9,2,2.9,1.1,1,0.3,2.4,cluster_8
6932,Chris Hansen,2013,32.1,11.4,3.5,9.5,0.364,2.3,6.2,0.371,2.2,2.7,0.813,0.6,3,3.5,1.1,1.3,0.3,1,cluster_8
6933,Coby White,2019,28.5,16.1,5.4,12.7,0.423,2.3,6.6,0.353,3,3.7,0.8,0.3,3.2,3.5,4.1,1.1,0.3,2.7,cluster_8
6934,Gradey Dick,2023,32.8,14.1,4.8,10.9,0.442,2.3,5.7,0.403,2.1,2.5,0.854,1.1,4,5.1,1.7,1.4,0.3,1.3,cluster_8
6935,Daniel Gibson,2005,32.8,14.2,4.2,10.1,0.417,2.4,6,0.398,3.3,4.4,0.752,0.5,3.2,3.6,3.9,1.8,0.3,3.1,cluster_8
6936,Ian Clark,2010,29.6,14.9,5.3,11.6,0.453,2.4,5.9,0.402,2,2.6,0.775,0.7,2.6,3.3,2.2,1.1,0.3,3,cluster_8
6937,Kelly Golob,2003,32.8,14.1,4.8,10.4,0.466,2.8,6.5,0.431,1.6,1.9,0.885,1.8,4,5.7,2.3,0.7,0.3,2.3,cluster_8
6938,Jake Thomas,2010,32.6,13.3,3.8,8.9,0.421,2.8,6.3,0.441,3,3.6,0.828,0.5,3.5,4,2.2,1,0.3,1.8,cluster_8
6939,Carl Pierre,2018,31.2,12.4,4.3,9.6,0.443,2.8,5.9,0.472,1.1,1.3,0.818,0.3,1.9,2.2,1.1,0.6,0.3,1,cluster_8
6940,Adam Flagler,2019,30.7,15.9,5.4,12.4,0.438,3,7.8,0.386,2,2.4,0.835,0.8,2.6,3.4,1.3,0.8,0.3,1.2,cluster_8
6941,Ryan Wittman,2007,35.4,15.6,5.1,11.8,0.438,3.3,7.7,0.431,2,2.2,0.887,0.4,2.4,2.8,1.3,1,0.3,1.5,cluster_8
6942,Ja Morant,2018,34,12.7,4.2,9.1,0.459,0.8,2.8,0.307,3.5,4.3,0.806,1.7,4.8,6.5,6.3,0.9,0.4,2.5,cluster_8
6943,Derrick Rose,2008,29.2,14.9,5.2,10.9,0.477,0.9,2.6,0.337,3.7,5.1,0.712,1.4,3.2,4.5,4.7,1.2,0.4,2.7,cluster_8
6944,McKinley Wright IV,2018,32.6,14.2,5.2,11.5,0.451,0.9,2.9,0.304,2.9,3.8,0.77,1.6,3,4.7,5.5,1,0.4,2.9,cluster_8
6945,Alex Acker,2003,33.3,13,4.6,9.6,0.476,1,2.4,0.426,2.8,3.5,0.814,1.5,3.5,5,3.1,1.6,0.4,2.7,cluster_8
6946,Nijal Pearson,2017,32.8,13.3,4.6,10.6,0.437,1,3,0.346,2.9,4.1,0.721,1.9,3.8,5.7,2.4,1.4,0.4,2.2,cluster_8
6947,Tyrese Maxey,2020,34.5,14,4.8,11.3,0.427,1.1,3.6,0.292,3.2,3.9,0.833,0.4,3.9,4.3,3.2,0.9,0.4,2.2,cluster_8
6948,Chris Paul,2004,33.6,14.8,4.4,8.7,0.5,1.3,2.8,0.465,4.8,5.7,0.843,0.7,2.6,3.3,5.9,2.7,0.4,2.6,cluster_8
6949,Dominic James,2006,32.5,15.3,5.6,13,0.431,1.3,4.4,0.301,2.7,4.2,0.641,0.8,3.7,4.5,5.4,1.6,0.4,2.8,cluster_8
6950,Thaddeus Young,2007,29.6,14.4,5.7,11.9,0.478,1.3,3,0.419,1.7,2.3,0.743,2.3,2.5,4.9,2,1.3,0.4,2.2,cluster_8
6951,Jerome Dyson,2007,30.4,13.8,4.2,11.7,0.361,1.4,4.4,0.326,4,5.5,0.719,1.2,2.5,3.6,2.1,1.9,0.4,2.1,cluster_8
6952,Jordan Adams,2013,30.2,15.3,5,11.2,0.447,1.4,4.5,0.307,3.9,4.6,0.843,0.6,3.2,3.8,1.8,2.2,0.4,1.2,cluster_8
6953,Chase Budinger,2007,33,15.6,5.7,11.7,0.485,1.6,4.4,0.368,2.6,3.1,0.845,1.8,4,5.8,2,1.1,0.4,1.6,cluster_8
6954,Bryan Cohen,2009,33.5,11.8,4.2,11.4,0.365,1.7,5.2,0.327,1.7,2.6,0.658,1,3.1,4.1,1.9,0.7,0.4,2.3,cluster_8
6955,Trey Burke,2012,36.1,14.8,5.2,12,0.433,1.7,4.8,0.348,2.7,3.7,0.744,0.6,2.8,3.5,4.6,0.9,0.4,2.8,cluster_8
6956,Eric Paschall,2015,31.2,15.9,5.6,13.3,0.419,1.7,5.3,0.315,3.1,4,0.794,1.7,3.8,5.5,1,0.8,0.4,2.8,cluster_8
6957,Marcus Domask,2020,34.8,13.6,4.7,10,0.469,1.7,4.3,0.397,2.5,3,0.825,1,4.2,5.2,2.5,0.9,0.4,2,cluster_8
6958,Harrison Barnes,2011,29.4,15.7,5.6,13.4,0.421,1.8,5.3,0.344,2.6,3.4,0.754,2,3.8,5.8,1.4,0.7,0.4,1.9,cluster_8
6959,E'Twaun Moore,2008,30.6,12.9,4.7,10.6,0.443,1.9,4.5,0.434,1.6,2.2,0.716,0.9,3,3.9,2.6,0.9,0.4,1.7,cluster_8
6960,Latif Rivers,2011,32.7,13.9,4,11,0.362,1.9,5.4,0.346,4.1,4.6,0.891,0.3,2.8,3.1,2.9,0.7,0.4,3.3,cluster_8
6961,C.J. Williams,2017,30,15.6,5.3,13.3,0.396,1.9,5.7,0.342,3.1,4.1,0.759,1,1.6,2.6,0.6,0.6,0.4,1.7,cluster_8
6962,Will Rayman,2017,29.4,14.6,4.8,10.8,0.444,2,5.1,0.396,2.9,4.3,0.691,1.4,3.2,4.6,1,0.7,0.4,2.2,cluster_8
6963,Patrick Beverley,2007,34.4,13.9,4.3,10,0.427,2.1,5.4,0.386,3.2,3.9,0.812,1.1,3.3,4.5,3.1,1.7,0.4,2,cluster_8
6964,Darius Garland,2019,27.8,16.2,5.8,10.8,0.537,2.2,4.6,0.478,2.4,3.2,0.75,0.4,3.4,3.8,2.6,0.8,0.4,3,cluster_8
6965,Torrey Craig,2011,30.5,14.4,5.2,13.6,0.38,2.3,7.1,0.318,1.8,2.6,0.679,2.3,4.9,7.2,1.5,1,0.4,2.8,cluster_8
6966,Daniel Horton,2003,36.1,15.2,5,13.5,0.372,2.5,7.2,0.343,2.7,3.5,0.764,0.5,1.8,2.3,4.5,1.4,0.4,3.7,cluster_8
6967,Alijah Martin,2022,29.2,13.9,4.8,10.4,0.458,2.5,6.4,0.4,1.8,2.5,0.753,1.1,4.2,5.3,1.5,1.6,0.4,1.7,cluster_8
6968,Jamison Battle,2020,35.3,11.8,3.8,9.6,0.399,2.8,7.6,0.366,1.4,1.6,0.846,0.4,4.8,5.2,0.6,0.4,0.4,1.1,cluster_8
6969,Jordan Allen,2018,28.4,13.5,4.5,11.6,0.384,2.9,7.5,0.385,1.7,2,0.831,0.8,2.7,3.5,0.7,0.8,0.4,1.3,cluster_8
6970,Archie Goodwin,2013,31.8,14.1,4.8,10.8,0.44,0.5,1.9,0.266,4.1,6.4,0.637,1.5,3.2,4.6,2.7,1.1,0.5,3.1,cluster_8
6971,Shai Gilgeous-Alexander,2018,33.7,14.4,4.9,10.2,0.485,0.6,1.5,0.404,3.9,4.7,0.817,0.9,3.2,4.1,5.1,1.6,0.5,2.7,cluster_8
6972,Charles Jenkins,2008,34.6,15,5.5,11.7,0.471,0.7,2.1,0.328,3.3,4.2,0.78,1.6,3,4.6,2.1,1.7,0.5,3.3,cluster_8
6973,Camren Hunter,2022,32.5,14.1,5.2,11.6,0.447,0.8,3.3,0.25,2.9,3.6,0.815,1.9,3,4.9,3.4,1.5,0.5,2.9,cluster_8
6974,Jamont Gordon,2006,33,13.8,4.6,11.4,0.408,0.9,3.5,0.26,3.6,5.6,0.647,1.6,5.1,6.8,4.3,1.1,0.5,4.7,cluster_8
6975,Harouna Mutombo,2009,30.5,14.4,5.4,11.6,0.465,0.9,3,0.312,2.7,4.4,0.622,1.8,2.8,4.6,2.2,1.8,0.5,2.1,cluster_8
6976,Jeff Teague,2008,29.7,13.9,4.5,10.4,0.434,1.1,2.7,0.395,3.8,4.7,0.803,0.5,2.2,2.7,2.5,1.8,0.5,2.5,cluster_8
6977,Will Barton,2011,30.6,12.3,4.8,11.1,0.428,1.1,4.2,0.265,1.7,2.4,0.699,1.4,3.5,4.9,2.8,1.5,0.5,2.5,cluster_8
6978,Justice Sueing,2018,32,13.8,4.9,11.3,0.434,1.3,4.2,0.311,2.7,4,0.672,1.5,3.9,5.4,1.4,1.5,0.5,2.1,cluster_8
6979,Ignas Brazdeikis,2019,29.6,14.8,5.1,11,0.462,1.5,3.9,0.392,3.1,4.1,0.773,1.2,4.3,5.4,0.8,0.7,0.5,1.2,cluster_8
6980,Kris Wilkes,2018,29.8,13.7,4.8,11,0.441,1.7,4.8,0.352,2.3,3.5,0.655,1.3,3.6,4.9,1.7,0.8,0.5,1.3,cluster_8
6981,Courtney Lee,2005,33.2,14.9,5.7,12.6,0.45,1.8,4.6,0.399,1.7,2.3,0.722,1.9,3.3,5.2,2,1.8,0.5,2.3,cluster_8
6982,J.D. Notae,2018,31.4,15.4,5.7,13.9,0.41,1.8,4.3,0.405,2.3,3.3,0.699,1,3.7,4.7,1.9,1.8,0.5,2.6,cluster_8
6983,Larry Blair,2004,30.5,13.2,4.9,12.8,0.385,1.9,5.9,0.325,1.5,2.1,0.714,0.8,1.9,2.7,2,1.6,0.5,2.3,cluster_8
6984,James Anderson,2008,30.9,13.3,4.5,10.3,0.435,2,5.4,0.379,2.3,3.2,0.714,1.7,2,3.7,1.1,0.8,0.5,2,cluster_8
6985,Allen Crabbe,2011,33.8,13.4,4.5,10.1,0.446,2,5,0.4,2.4,3,0.804,0.6,4.7,5.3,2,0.9,0.5,1.5,cluster_8
6986,Langston Galloway,2011,34.3,12.8,4.1,10.2,0.399,2,5,0.392,2.6,2.9,0.887,1.4,4.2,5.5,2.9,1.7,0.5,1.2,cluster_8
6987,Rashad McCants,2003,29.9,17,6.2,12.5,0.493,2.1,5,0.414,2.6,3.8,0.697,1.9,3,4.9,1.5,1.4,0.5,2.3,cluster_8
6988,Chris Youngblood,2021,32.4,12.4,4.4,11,0.396,2.1,6.3,0.331,1.5,1.8,0.841,0.4,2.9,3.3,1.8,0.8,0.5,1.7,cluster_8
6989,Ledarrius Brewer,2018,29.4,14.5,4.9,11.7,0.42,2.3,6.3,0.362,2.4,3.2,0.74,0.5,3.4,3.8,1.3,0.9,0.5,1.8,cluster_8
6990,Jordan Gainey,2022,31.5,13.8,4.6,9.7,0.471,2.3,4.7,0.493,2.4,2.9,0.817,0.3,3.5,3.8,2.2,1.2,0.5,2,cluster_8
6991,Terquavion Smith,2022,31.6,16.3,5.7,14.3,0.398,3,8.1,0.369,1.9,2.7,0.698,0.9,3.2,4.1,2.1,1.3,0.5,1.7,cluster_8
6992,Justin Edwards,2012,31.2,13.9,5.1,12.1,0.425,0.6,2.2,0.262,3,4,0.757,2,3.6,5.6,3.3,1.4,0.6,3,cluster_8
6993,Anthony Black,2023,34.3,12.8,4.1,9.1,0.453,0.8,2.6,0.301,3.7,5.3,0.705,1.3,3.8,5.1,3.9,2.1,0.6,3,cluster_8
6994,Sindarius Thornwell,2014,29.6,13.4,4.2,10.9,0.386,1.1,2.9,0.37,3.9,5.2,0.736,1.4,2.7,4.1,3,1.2,0.6,3.1,cluster_8
6995,Robert Mitchell,2007,26.8,16.4,6.1,13.6,0.451,1.6,3.9,0.4,2.5,3.4,0.729,2.3,3.1,5.4,1.4,0.8,0.6,1.8,cluster_8
6996,C.J. Elleby,2019,31,14.7,5.3,12,0.436,1.7,4,0.414,2.6,3.9,0.661,1.6,5.5,7.1,3,1,0.6,3,cluster_8
6997,D.J. Steward,2021,30.8,13,4.7,11,0.426,1.8,5.3,0.341,1.8,2.2,0.811,1.2,2.8,4,2.4,1.1,0.6,2,cluster_8
6998,Klay Thompson,2009,33.1,12.5,4.8,11.4,0.419,2.1,5,0.412,0.8,0.9,0.903,0.8,3.4,4.2,1.9,0.9,0.6,2.1,cluster_8
6999,Bracey Wright,2003,33.6,16.2,5.2,12.1,0.433,2.2,5.9,0.375,3.5,4.7,0.752,1.4,3.6,5,2.1,0.8,0.6,2.1,cluster_8
7000,Casey Walker,2011,32.6,13.4,4.6,11.4,0.401,2.4,7,0.348,1.8,2.2,0.831,0.8,2.4,3.2,0.8,0.8,0.6,1.5,cluster_8
7001,Cam Reddish,2019,29.7,13.5,4.3,12,0.356,2.5,7.4,0.333,2.4,3.2,0.772,0.6,3.1,3.7,1.9,1.6,0.6,2.7,cluster_8
7002,Tevin Brown,2019,32.8,11.8,3.9,9.5,0.414,2.7,7.3,0.372,1.2,1.4,0.809,0.6,4.1,4.7,2.3,1.1,0.6,1.1,cluster_8
7003,Jonah Antonio,2018,33.5,11.3,3.8,10.4,0.366,2.8,8.3,0.338,0.9,1.1,0.806,0.4,3.3,3.8,0.7,1.3,0.6,0.6,cluster_8
7004,Levi Levine,2003,34,13.2,4.7,10.9,0.43,1.1,2.8,0.392,2.7,3.5,0.776,1.6,4.3,6,1.8,1.6,0.7,1.9,cluster_8
7005,Milton Doyle,2014,32.8,14.9,4.8,11.3,0.424,1.3,4,0.315,4.1,5.8,0.699,0.9,3.3,4.2,3.6,1.2,0.7,3.4,cluster_8
7006,Brandon Rush,2006,31.7,13.5,5.2,10.9,0.474,1.5,3.2,0.472,1.6,2.1,0.771,1.5,5.1,6.5,2,0.9,0.7,2.5,cluster_8
7007,E.C. Matthews,2014,32.5,14.3,4.7,11.1,0.421,1.5,4.2,0.348,3.4,4.7,0.738,0.9,3.4,4.3,2.3,0.9,0.7,2.4,cluster_8
7008,Kevin Coble,2007,31.1,13.4,5.4,10.9,0.494,1.6,4,0.388,1.1,1.3,0.795,0.9,4.4,5.2,1.6,1.6,0.7,1.4,cluster_8
7009,Ben McLemore,2013,32.2,15.9,5.4,10.8,0.495,2,4.7,0.42,3.2,3.7,0.87,1.3,3.9,5.2,2,1,0.7,2.1,cluster_8
7010,Jahmi'us Ramsey,2020,31.1,15,5.5,12.4,0.442,2.2,5.2,0.426,1.9,2.9,0.641,0.7,3.3,4,2.2,1.3,0.7,2,cluster_8
7011,Antoine Wright,2003,31.8,14.5,5.1,14.1,0.364,2.3,5.9,0.382,2,3.2,0.611,1.2,5.4,6.6,1.8,1.3,0.7,2.3,cluster_8
7012,"Charlie Brown, Jr.",2017,34.2,12.8,4.2,11.1,0.375,2.3,6,0.384,2.2,2.7,0.819,1.1,3.9,5,1.1,0.8,0.7,1.2,cluster_8
7013,Jett Howard,2023,31.7,14.2,4.7,11.4,0.414,2.7,7.3,0.368,2.1,2.6,0.8,0.3,2.6,2.8,2,0.4,0.7,1.3,cluster_8
7014,Gabe Martin,2003,32.9,15.1,4.3,10.1,0.423,1.3,3.9,0.327,5.3,6.1,0.86,1.9,4.7,6.5,2.2,1.6,0.8,3.3,cluster_8
7015,Rayvonte Rice,2011,30.1,13.8,4.6,11.5,0.402,1.3,4.3,0.295,3.3,4.8,0.696,1.2,3.6,4.8,1.6,1.4,0.8,2,cluster_8
7016,Bradley Beal,2012,34.3,14.8,4.7,10.6,0.445,1.7,5,0.339,3.6,4.7,0.769,1.4,5.4,6.7,2.2,1.4,0.8,2.1,cluster_8
7017,G.G. Jackson,2023,31.9,15.4,5.5,14.4,0.384,1.7,5.3,0.324,2.6,3.9,0.677,1.5,4.4,5.9,0.8,0.8,0.8,2.7,cluster_8
7018,Tucker DeVries,2022,29.8,13.9,4.8,11.6,0.416,2.1,6.1,0.339,2.2,2.8,0.775,1.1,3.5,4.6,2.1,1,0.8,1.4,cluster_8
7019,Richard Roby,2005,30.8,16,5.6,12.7,0.445,2.2,6,0.374,2.5,3.4,0.728,1.2,3.6,4.8,1.9,1.6,0.8,2.7,cluster_8
7020,Lonzo Ball,2017,35.1,14.6,5.3,9.5,0.551,2.2,5.4,0.412,1.8,2.7,0.673,0.9,5.1,6,7.6,1.8,0.8,2.5,cluster_8
7021,B.J. Omot,2023,31.2,12,4,10,0.396,1.3,4.4,0.301,2.7,3.6,0.742,1,2.7,3.7,1.4,0.4,0.9,1.2,cluster_8
7022,Jeremy Chappell,2006,36.1,14.1,5.2,11.4,0.456,1.8,4.6,0.396,1.9,2.7,0.705,2.2,3.5,5.7,2.6,1.9,0.9,1.6,cluster_8
7023,Gordon Hayward,2009,32.7,13.1,3.9,8.2,0.479,2.2,4.8,0.448,3.2,3.9,0.815,1.4,5,6.5,2,1.5,0.9,1.7,cluster_8
7024,Sam Iorio,2018,33.4,14.9,5.1,10.7,0.477,2.2,5.1,0.437,2.4,3.1,0.791,1.6,4.9,6.5,1.3,1.4,0.9,1.8,cluster_8
7025,Trey Townsend,2022,36.3,13.3,5.3,10,0.531,0.2,1.4,0.167,2.5,3.3,0.757,2.5,3.1,5.6,1.8,1.4,1,1.5,cluster_8
7026,Paul George,2009,34.6,14.3,4.9,10.4,0.47,1.9,4.1,0.447,2.7,3.9,0.697,1.9,4.4,6.2,1.9,1.7,1,2.3,cluster_8
7027,Taran Brown,2013,30,11.1,4.1,11,0.371,1.9,6,0.312,1.1,1.5,0.688,1.5,3.8,5.3,2,0.8,1,2.4,cluster_8
7028,Jake O'Brien,2009,34.8,12.5,4.2,10.3,0.406,2,5.6,0.365,2,2.6,0.772,1.2,3.4,4.6,0.8,0.4,1,1.2,cluster_8
7029,George Tinsley,2020,38.4,11.6,4.1,10.2,0.407,1.9,5.9,0.325,1.4,2,0.714,2.4,5,7.4,1.8,1.1,1.1,1.7,cluster_8
7030,Miye Oni,2017,31.2,12.9,4.4,9.9,0.443,2.1,5.3,0.396,2,2.6,0.784,0.9,5.4,6.3,2.7,0.7,1.1,2.3,cluster_8
7031,Jaden McDaniels,2020,31,13,4.4,10.8,0.405,1.4,4.1,0.339,2.8,3.7,0.763,1.1,4.7,5.8,2.1,0.8,1.4,3.2,cluster_8